"Computer Vision and motion tracking software",8180
"Home",3715
"Signal Generators",1975
"Neuroimaging databases",942
"Raspberry Pi",733
"Open EEG",717
"Arduino",660
"Home page / Archives",632
"Open Syringe pump 2",567
"Near-infrared spectroscopy",488
"Open lab notebooks",427
"Python, NumPy, SciPy & Matplotlib",426
"Data repositories",401
"Raspberry pi based",357
"MobilECG",350
"Open source brain",338
"Open Hardware projects",336
"Lab management software",335
"Intelligent hearing aid",316
"About",306
"NeuroElectro",305
"Psychophysics toolboxes",291
"Learning sources",289
"Statistics",270
"Open Wetware",267
"Other interesting projects",259
"Data sharing / Databases",250
"Tensor Flow",243
"tDCS machine",240
"Open Ephys - open-source electrophysiology",236
"Open access journals",209
"OpenBCI",207
"3D printers",205
"Backyard brains - Neuroscience for everyone",204
"Human psychophysics using Arduino",202
"Operating systems",195
"Open source picospritzer",188
"Cyclops driver R2",185
"Pulse Pal",172
"Nose poke device for rats using arduino and 3d printed parts",162
"Data analysis and visualization",158
"Skinner box using a rasperry pi and python",153
"SimpleCortex",153
"EEG MEG Toolbox - Fieldtrip",152
"Crowd funding",151
"BrainBrowser",147
"Neurons,Neurons,Neurons",143
"Red Pitaya",143
"OpenQCM",142
"Open Software",142
"Open science framework",140
"Articles related to Open Source Projects",133
"OpenHardwareExG",132
"GNU Octave",130
"10$ microscope using a smartphone",122
"BPM Biosignal",114
"Image, Office suites, and other general purpose software",114
"Green Brain",113
"OpenWorm",113
"Opening MCD files with python",112
"NeuralEnsemble",109
"Stereo microscope - The Steve Richardson way.",107
"OpenStage",104
"Supercomputers",103
"Optogenetics",102
"Open syringe pump 1",101
"Neuromorpho",99
"Open syringe pumps",99
"RGB LED panel with beagle board",97
"Arduino script posner test",97
"Big Neuron",90
"Scanning electron microscope",86
"Parallela",85
"schematics Posner test",83
"Programable water bath",76
"Open PCR",74
"IPipet",74
"OME - Open Microscopy Environment",72
"Mapple",70
"The ""Beagles"",69
"Micro-Manager",68
"Tutorials",66
"ImageJ",64
"Boinc",63
"The Hackaday citizen prize winners are out! And FlyPi made the cut!",58
"The Yale open hand project",54
"Open Hand Project",50
"Fiji",49
"Microcontrollers",47
"DremelFuge",46
"Human electrophysiology",45
"Python record script posner test",45
"Microscopy hardware",44
"Flypi -100$ microscope/behavioural setup!",43
"Spike Gadgets",43
"Genome RNAi",42
"Open bionics",42
"Addgene",40
"Open source simulations and models",39
"DIY PCR2",39
"Tensor Flow, OME, e-health, Bitalino",37
"Human Brain interactors",36
"GogoFuge",36
"NiBabel",36
"Blinkenschild",35
"Companies selling open source hardware/software",34
"OpenQCM",32
"DIY PCR1",31
"OpenFlexure",29
"Center for Reproducible Neuroscience",29
"Fingertip laser sensor",28
"Electrophysiology systems",28
"Nipy",28
"Takktile",27
"Open prosthetics and robotics",25
"centrifuges",23
"LED Panels",19
"OpenFuge",16
"Sharing reagents! The Reagent project",16
"Microscopy",15
"Single board computers",15
"Super-Releaser",15
"Open centrifuges, a hack everyday and optogenetics wiki!",14
"Wetware",14
"The Visible Human project",11
"Thermocyclers - PCR machines",10
"Christmas post with 5 projects to keep you busy!",9
"BMP biosignal",8
"Open prosthesis and robotics",7
"Programable water bath and tutorials for electronics",4
"3rd IBRO school on insect neuroscience and Drosophila neurogenetics",4
"Microscopy special!",3
"OpenWorm",2
"New open wetware section",2
"CERN data goes open access",2
"3D printers!",2
"After a little spring sleep...",2
"Publicize and Psychophysics!",1
"Even more projects",1