"Home",1276
"Learning sources",211
"Arduino",169
"Open Ephys - open-source electrophysiology",166
"Data sharing / Databases",152
"Open access journals",149
"About",142
"Open Hardware projects",134
"Raspberry Pi",128
"Python, NumPy, SciPy & Matplotlib",106
"SimpleCortex",95
"Articles related to Open Source Projects",91
"Open Software",89
"Tutorials",88
"Other interesting projects",82
"Human psychophysics using Arduino",77
"Open EEG",75
"Operating systems",68
"Image, Office suites, and other general purpose software",65
"Open Wetware",64
"Statistics",62
"10$ microscope using a smartphone",56
"NeuralEnsemble",50
"Supercomputers",49
"Optogenetics",44
"The ""Beagles"",43
"Backyard brains - Neuroscience for everyone",37
"Cyclops driver R2",37
"Home page / Archives",35
"Mapple",33
"OpenFuge",31
"GNU Octave",30
"Arduino script posner test",30
"Psychophysics toolboxes",27
"Microscopy special!",23
"ImageJ",22
"Open centrifuges, a hack everyday and optogenetics wiki!",22
"Python record script posner test",21
"Open PCR",20
"Christmas post with 5 projects to keep you busy!",17
"New open wetware section",16
"Microcontrollers",15
"Signal Generators",14
"Scanning electron microscope",12
"Single board computers",11
"tDCS machine",11
"Electrophysiology systems",10
"Open science framework",10
"schematics Posner test",10
"Stereo microscope - The Steve Richardson way.",10
"Microscopy hardware",10
"(unknown or deleted)",7
"Signal generators",5
"Microscopy",5
"Publicize and Psychophysics!",5
"Micro-Manager",4
"Near-infrared spectroscopy",3