United States,10267
Germany,2481
United Kingdom,1881
India,1256
France,1193
Italy,1039
Canada,1032
Brazil,936
Spain,806
Netherlands,696
Australia,607
Switzerland,583
Japan,527
Russia,519
Turkey,495
Poland,493
South Korea,463
Mexico,393
Portugal,330
Belgium,304
Israel,303
Sweden,297
China,262
Indonesia,259
Argentina,256
Austria,251
Chile,244
Denmark,230
Taiwan,223
Greece,197
Singapore,196
Finland,193
Hong Kong SAR China,186
Romania,169
Thailand,168
Colombia,166
Norway,165
Czech Republic,164
South Africa,158
Hungary,145
Ukraine,129
Pakistan,129
European Union,113
Malaysia,112
New Zealand,103
Egypt,93
Vietnam,82
Philippines,78
Saudi Arabia,78
Slovakia,69
Slovenia,68
Ireland,67
Bulgaria,67
Puerto Rico,64
Morocco,54
Lithuania,47
Algeria,42
United Arab Emirates,41
Sri Lanka,41
Venezuela,38
Serbia,38
Croatia,35
Peru,34
Tunisia,34
Luxembourg,34
Bangladesh,33
Nigeria,33
Iran,31
Iraq,31
Estonia,25
Bosnia & Herzegovina,21
Uruguay,19
Belarus,19
Lebanon,16
Costa Rica,16
Armenia,15
Kenya,15
Cameroon,14
Latvia,14
Mongolia,14
El Salvador,13
Myanmar (Burma),13
Palestinian Territories,13
Ghana,12
Ecuador,12
Tanzania,11
Ethiopia,11
Nepal,11
Sudan,11
Panama,10
Oman,10
Malta,9
Moldova,9
Zimbabwe,9
Jordan,9
Namibia,9
Cyprus,8
Cuba,8
Liechtenstein,8
Azerbaijan,8
Syria,8
Timor-Leste,7
Libya,7
Paraguay,6
Bolivia,6
Uganda,6
Dominican Republic,5
Uzbekistan,5
Trinidad & Tobago,5
Togo,5
Kazakhstan,5
Guatemala,5
Côte d'Ivoire,5
Cambodia,4
Georgia,4
Rwanda,4
Yemen,3
Macedonia,3
Fiji,3
Angola,3
Antigua & Barbuda,3
Cook Islands,3
Suriname,3
Qatar,3
Kuwait,3
Jamaica,2
Zambia,2
Sierra Leone,2
Mozambique,2
Brunei,2
New Caledonia,2
Martinique,1
Monaco,1
St. Kitts & Nevis,1
Guyana,1
Gabon,1
Montenegro,1
Aruba,1
Réunion,1
Kyrgyzstan,1
Åland Islands,1
Albania,1
Madagascar,1
Guam,1
French Guiana,1
Mauritius,1
Caribbean Netherlands,1
Mali,1
Papua New Guinea,1
,32887
