"Search Engines",16652
"Search Engines > Google Search",16267
"Search Engines > Google Search > google.com",5428
"Search Engines > Google Search > google.co.uk",879
"Search Engines > Google Search > google.de",819
"Search Engines > Google Search > google.co.in",690
"Search Engines > Google Search > google.ca",547
"Search Engines > Google Search > google.it",460
"Search Engines > Google Search > google.fr",431
"Search Engines > Google Search > google.com.br",373
"Search Engines > Google Search > google.com.au",352
"Search Engines > Google Search > google.es",304
"Search Engines > Google Search > google.nl",294
"Search Engines > Google Search > google.com/search",272
"Search Engines > Google Search > google.co.jp",248
"Search Engines > Google Search > google.com.tr",236
"Search Engines > Google Search > google.pl",218
"Search Engines > Google Search > google.ru",206
"Search Engines > Google Search > google.co.kr",202
"Search Engines > Google Search > google.com.mx",190
"Search Engines > Google Search > google.ch",183
"Search Engines > Google Search > google.be",146
"Search Engines > Google Search > google.com.hk",140
"Search Engines > Google Search > google.co.il",138
"Search Engines > Google Search > google.co.th",135
"Search Engines > Google Search > google.se",128
"Search Engines > Google Search > google.com.ar",127
"Search Engines > Google Search > google.pt",126
"Search Engines > Google Search > google.com.tw",122
"Search Engines > Google Search > google.com.sg",104
"Search Engines > Google Search > google.at",103
"Search Engines > Google Search > google.gr",96
"Search Engines > Google Search > google.dk",91
"Search Engines > Google Search > google.co.id",90
"Search Engines > Google Search > google.ro",89
"Search Engines > Google Search > google.co.za",87
"Search Engines > Google Search > google.hu",84
"Search Engines > Google Search > google.cz",76
"Search Engines > Google Search > google.no",74
"Search Engines > Google Search > google.com.pk",70
"Search Engines > Google Search > google.cl",68
"Search Engines > Google Search > google.co.nz",68
"Search Engines > Google Search > google.de/search",67
"Search Engines > Google Search > google.fi",67
"Search Engines > Google Search > google.co.in/search",65
"Search Engines > Google Search > google.co.uk/search",64
"Search Engines > Google Search > google.co.kr/search",59
"Search Engines > Google Search > google.com.ua",59
"Search Engines > Google Search > google.com.eg",57
"Search Engines > Google Search > google.com.co",57
"Search Engines > Google Search > google.sk",51
"Search Engines > Google Search > google.fr/search",47
"Search Engines > Google Search > google.it/search",47
"Search Engines > Google Search > google.ie",43
"Search Engines > Google Search > google.co.jp/search",39
"Search Engines > Google Search > google.bg",39
"Search Engines > Google Search > google.com.ph",38
"Search Engines > Google Search > google.nl/search",36
"Search Engines > Google Search > google.si",34
"Search Engines > Google Search > images.google.fr/search",32
"Search Engines > Google Search > google.lt",30
"Search Engines > Google Search > google.com.sa",30
"Search Engines > Google Search > google.ca/search",29
"Search Engines > Google Search > google.rs",28
"Search Engines > Google Search > google.hr",28
"Search Engines > Google Search > google.com.au/search",26
"Search Engines > Google Search > google.ae",24
"Search Engines > Google Search > google.com.vn",22
"Search Engines > Google Search > google.lk",22
"Search Engines > Google Search > google.es/search",22
"Search Engines > Google Search > google.iq",21
"Search Engines > Google Search > google.ee",19
"Search Engines > Google Search > google.com.pe",18
"Search Engines > Google Search > google.com.pr",18
"Search Engines > Google Search > google.com.br/search",16
"Search Engines > Google Search > google.co.ve",15
"Search Engines > Google Search > google.at/search",15
"Search Engines > Google Search > images.google.de/search",15
"Search Engines > Google Search > google.ch/search",14
"Search Engines > Google Search > google.lv",14
"Search Engines > Google Search > google.ba",13
"Search Engines > Google Search > google.pl/search",13
"Search Engines > Google Search > google.se/search",12
"Search Engines > Google Search > google.dz",12
"Search Engines > Google Search > encrypted.google.com/search",12
"Search Engines > Google Search > google.cz/search",11
"Search Engines > Google Search > google.tn",11
"Search Engines > Google Search > google.ru/search",11
"Search Engines > Google Search > google.dk/search",11
"Search Engines > Google Search > google.com.sg/search",10
"Search Engines > Google Search > google.co.th/search",9
"Search Engines > Google Search > google.com.hk/search",9
"Search Engines > Google Search > google.com.tw/search",9
"Search Engines > Google Search > google.com.mx/search",9
"Search Engines > Google Search > google.be/search",8
"Search Engines > Google Search > google.com.ng",8
"Search Engines > Google Search > google.com.my",8
"Search Engines > Google Search > google.fi/search",8
"Search Engines > Google Search > google.by",7
"Search Engines > Google Search > google.com.tr/search",7
"Search Engines > Google Search > google.com.gh",7
"Search Engines > Google Search > google.com.uy",7
"Search Engines > Google Search > google.gr/search",7
"Search Engines > Google Search > google.jo",6
"Search Engines > Google Search > google.ps",6
"Search Engines > Google Search > google.com.sv",6
"Search Engines > Google Search > google.co.il/search",6
"Search Engines > Google Search > google.kz",5
"Search Engines > Google Search > google.ro/search",5
"Search Engines > Google Search > google.com.lb",5
"Search Engines > Google Search > google.co.zw",5
"Search Engines > Google Search > google.com.ng/search",5
"Search Engines > Google Search > google.bg/search",5
"Search Engines > Google Search > google.com.bd",5
"Search Engines > Google Search > google.co.za/search",5
"Search Engines > Google Search > google.com.kh",5
"Search Engines > Google Search > google.com.np",5
"Search Engines > Google Search > google.com.mt",5
"Search Engines > Google Search > google.com.eg/search",5
"Search Engines > Google Search > google.co.id/search",5
"Search Engines > Google Search > google.lt/search",4
"Search Engines > Google Search > google.com.ec",4
"Search Engines > Google Search > google.co.il",4
"Search Engines > Google Search > google.co.nz/search",4
"Search Engines > Google Search > google.com.mm/search",4
"Search Engines > Google Search > google.am",4
"Search Engines > Google Search > google.pt/search",4
"Search Engines > Google Search > google.com.do",3
"Search Engines > Google Search > google.com.gt",3
"Search Engines > Google Search > google.nl",3
"Search Engines > Google Search > google.co.uk",3
"Search Engines > Google Search > google.cm",3
"Search Engines > Google Search > google.com.pr/search",3
"Search Engines > Google Search > google.com.py",3
"Search Engines > Google Search > google.com.na",3
"Search Engines > Google Search > google.ch",3
"Search Engines > Google Search > google.co.tz",3
"Search Engines > Google Search > google.com.mm",3
"Search Engines > Google Search > google.co.ck",3
"Search Engines > Google Search > google.tt",3
"Search Engines > Google Search > google.mn",3
"Search Engines > Google Search > google.com.ph/search",2
"Search Engines > Google Search > google.com.vn/search",2
"Search Engines > Google Search > google.com.pk/search",2
"Search Engines > Google Search > google.si/search",2
"Search Engines > Google Search > google.by/search",2
"Search Engines > Google Search > google.co.ma",2
"Search Engines > Google Search > cse.google.hu/search",2
"Search Engines > Google Search > google.ae/search",2
"Search Engines > Google Search > google.com.co/search",2
"Search Engines > Google Search > google.com.ly",2
"Search Engines > Google Search > google.com.ua/search",2
"Search Engines > Google Search > google.no/search",2
"Search Engines > Google Search > google.iq/search",2
"Search Engines > Google Search > google.lu",2
"Search Engines > Google Search > google.com.jm",2
"Search Engines > Google Search > google.com.bn",2
"Search Engines > Google Search > google.com.et",2
"Search Engines > Google Search > google.az",2
"Search Engines > Google Search > google.com.kw",1
"Search Engines > Google Search > google.com.sl",1
"Search Engines > Google Search > google.com.gh/search",1
"Search Engines > Google Search > google.rs/search",1
"Search Engines > Google Search > google.hr/search",1
"Search Engines > Google Search > google.com.ar/search",1
"Search Engines > Google Search > google.com.bo",1
"Search Engines > Google Search > google.com.cu",1
"Search Engines > Google Search > google.com.cu/search",1
"Search Engines > Google Search > google.com.sg",1
"Search Engines > Google Search > google.mu",1
"Search Engines > Google Search > cse.google.co.zm/search",1
"Search Engines > Google Search > google.gy/search",1
"Search Engines > Google Search > google.com.cy",1
"Search Engines > Google Search > google.com.mt/search",1
"Search Engines > Google Search > google.st",1
"Search Engines > Google Search > google.tl",1
"Search Engines > Google Search > google.se",1
"Search Engines > Google Search > google.rw",1
"Search Engines > Google Search > google.sr",1
"Search Engines > Google Search > google.com.tr",1
"Search Engines > Google Search > google.dk",1
"Search Engines > Google Search > google.com.pg",1
"Search Engines > Google Search > google.co.in",1
"Search Engines > Google Search > google.com.ar",1
"Search Engines > Google Search > google.ge",1
"Search Engines > Google Search > google.lk/search",1
"Search Engines > Google Search > google.ie/search",1
"Search Engines > Google Search > google.be",1
"Search Engines > Google Search > google.sr/search",1
"Search Engines > Google Search > google.com.af",1
"Search Engines > Google Search > google.co.mz",1
"Search Engines > Google Image Search",140
"Search Engines > Google Image Search > images.google.de/imgres",85
"Search Engines > Google Image Search > images.google.fr/imgres",53
"Search Engines > Google Image Search > google.com.br/imgres",1
"Search Engines > Google Image Search > images.google.com/imgres",1
"Search Engines > Bing",79
"Search Engines > Bing > bing.com",37
"Search Engines > Bing > bing.com",29
"Search Engines > Bing > cn.bing.com",13
"Search Engines > Yahoo Search",59
"Search Engines > Yahoo Search > search.yahoo.co.jp",10
"Search Engines > Yahoo Search > search.yahoo.com",7
"Search Engines > Yahoo Search > r.search.yahoo.com/_ylt=A0SO8z6bKk1XhssAu4pXNyoA;_ylu=X3oDMTExYzhzYWZtBGNvbG8DZ3ExBHBvcwM4BHZ0aWQDVUlDMV8xBHNlYwNzcg--/RV=2/RE=1464703772/RO=10/RU=https%3a%2f%2fopeneuroscience.com%2fsoftware%2fcomputer-vision-and-motion-tracking-software%2f/RK=0/RS=Hfr5hOcvUL.5mETGOQncEzmPQKs-",4
"Search Engines > Yahoo Search > r.search.yahoo.com/_ylt=A0SO80rHbr5XBTkAWRpXNyoA;_ylu=X3oDMTBya2cwZmh2BGNvbG8DZ3ExBHBvcwM1BHZ0aWQDBHNlYwNzcg--/RV=2/RE=1472126792/RO=10/RU=https%3a%2f%2fopeneuroscience.com%2fsoftware%2fcomputer-vision-and-motion-tracking-software%2f/RK=0/RS=y9Fdk0g_Hj_davmwPu2gZupD7Sc-",3
"Search Engines > Yahoo Search > r.search.yahoo.com/_ylt=AwrSbmlvx81WzPEAUX9XNyoA;_ylu=X3oDMTExa2MyY3N1BGNvbG8DZ3ExBHBvcwMxBHZ0aWQDVUlDMV8xBHNlYwNzcg--/RV=2/RE=1456355311/RO=10/RU=http%3a%2f%2fopeneuroscience.com%2fhardware-projects%2fwetware%2f916-2%2fopen-syringe-pump-2%2f/RK=0/RS=r_VzHCqTshcKjxX4fphLpv2DOtE-",3
"Search Engines > Yahoo Search > r.search.yahoo.com/_ylt=A0LEVv5a6s1W818A9yQnnIlQ;_ylu=X3oDMTEyOGllaGpjBGNvbG8DYmYxBHBvcwMxBHZ0aWQDQjE1OTJfMQRzZWMDc3I-/RV=2/RE=1456364251/RO=10/RU=http%3a%2f%2fopeneuroscience.com%2fsoftware%2fcomputer-vision-and-motion-tracking-software%2f/RK=0/RS=sZBgkCDSZICufyg_MiyuNMfZ_sg-",2
"Search Engines > Yahoo Search > r.search.yahoo.com/_ylt=AwrBT.Adq0FXf5YA.w9x.9w4;_ylu=X3oDMTEyZzI3cWc1BGNvbG8DYmYxBHBvcwM4BHZ0aWQDQjIxMThfMQRzZWMDc3I-/RV=2/RE=1463950238/RO=10/RU=https%3a%2f%2fopeneuroscience.com%2fsoftware%2fcomputer-vision-and-motion-tracking-software%2f/RK=0/RS=GPfBHoXJi1r1avWGm7b1nTiAEuA-",2
"Search Engines > Yahoo Search > r.search.yahoo.com/_ylt=AwrTcYJFpwZXdWMARCaWnIlQ;_ylu=X3oDMTBxNG1oMmE2BHNlYwNmcC1hdHRyaWIEc2xrA3J1cmwEaXQD/RV=2/RE=1460082631/RO=11/RU=http%3a%2f%2fopeneuroscience.com%2fhardware-projects%2fsupercomputers%2fparallela%2f/RK=0/RS=dvDMSdvug7PMaqer03BKeVhgsP4-",1
"Search Engines > Yahoo Search > r.search.yahoo.com/_ylt=A0LEVr17KftWozwApfE3nIlQ;_ylu=X3oDMTBybnV2cXQwBHNlYwNzcgRwb3MDMgRjb2xvA2JmMQR2dGlkAw--/RV=2/RE=1459329531/RO=10/RU=http%3a%2f%2fopeneuroscience.com%2fhuman-electrophysiology%2fbio-signal%2f/RK=0/RS=VFTLnEvup_Q18ym0xAALxxLc4do-",1
"Search Engines > Yahoo Search > r.search.yahoo.com/_ylt=A0LEVzG9wIdWAHAARwFXNyoA;_ylu=X3oDMTExMWc3cHQ4BGNvbG8DYmYxBHBvcwMyBHZ0aWQDREZENl8xBHNlYwNzcg--/RV=2/RE=1451766078/RO=10/RU=http%3a%2f%2fopeneuroscience.com%2fhardware-projects%2fmicrocontrollers%2farduino%2fcomment-page-1%2f/RK=0/RS=.Le4yYqdocBLLrNxu2Jmq8mTJW0-",1
"Search Engines > Yahoo Search > r.search.yahoo.com/_ylt=A0LEV14ehohW.ZwATjvBGOd_;_ylu=X3oDMTByNXM5bzY5BGNvbG8DYmYxBHBvcwMzBHZ0aWQDBHNlYwNzcg--/RV=2/RE=1451816606/RO=10/RU=http%3a%2f%2fopeneuroscience.com%2ftutorials%2fhuman-psychophysics-using-arduino%2f/RK=0/RS=X_3TYQseaWjNBLh6VW8j44i5K4s-",1
"Search Engines > Yahoo Search > r.search.yahoo.com/_ylt=AwrBT7jrGbZW2xYA2WRXNyoA;_ylu=X3oDMTEyNXZwc24xBGNvbG8DYmYxBHBvcwM2BHZ0aWQDQjExNjBfMQRzZWMDc3I-/RV=2/RE=1454803564/RO=10/RU=http%3a%2f%2fopeneuroscience.com%2fsoftware%2fcomputer-vision-and-motion-tracking-software%2f/RK=0/RS=XNvh2oV0dnQqL0lzRkHjyn_PduI-",1
"Search Engines > Yahoo Search > r.search.yahoo.com/_ylt=A86.JyFN4OVW6VEA34UnnIlQ;_ylu=X3oDMTBya2cwZmh2BGNvbG8DZ3ExBHBvcwM1BHZ0aWQDBHNlYwNzcg--/RV=2/RE=1457934542/RO=10/RU=http%3a%2f%2fopeneuroscience.com%2fhardware-projects%2fsignal-generators%2f/RK=0/RS=tOp7M0kW4yV6HCsz_b2jer8Bqlg-",1
"Search Engines > Yahoo Search > r.search.yahoo.com/_ylt=A0LEVjHnF.pXk38AZVUnnIlQ;_ylu=X3oDMTByNXM5bzY5BGNvbG8DYmYxBHBvcwMzBHZ0aWQDBHNlYwNzcg--/RV=2/RE=1474988136/RO=10/RU=https%3a%2f%2fopeneuroscience.com%2fopen-source-simulations-and-models%2fgreen-brain%2f/RK=0/RS=9cHQnks_97975Q8eeDiBTuFMTCs-",1
"Search Engines > Yahoo Search > r.search.yahoo.com/_ylt=A0LEVu6w4.JWwgUAi.YnnIlQ;_ylu=X3oDMTBybGY3bmpvBGNvbG8DYmYxBHBvcwMyBHZ0aWQDBHNlYwNzcg--/RV=2/RE=1457738801/RO=10/RU=http%3a%2f%2fopeneuroscience.com%2fhardware-projects%2f3d-printing%2f/RK=0/RS=WZjOPAcz5pSXATzmnQ29elf2lao-",1
"Search Engines > Yahoo Search > r.search.yahoo.com/_ylt=AwrBT9z6_d1WCokABTRXNyoA;_ylu=X3oDMTByNXM5bzY5BGNvbG8DYmYxBHBvcwMzBHZ0aWQDBHNlYwNzcg--/RV=2/RE=1457417851/RO=10/RU=http%3a%2f%2fopeneuroscience.com%2ftag%2fdiy%2f/RK=0/RS=Ncvo5YkSRkLI4DdTS_zLi2zdY6M-",1
"Search Engines > Yahoo Search > r.search.yahoo.com/_ylt=AwrT6VkPVd5W1pMAnMUnnIlQ;_ylu=X3oDMTByc3RzMXFjBGNvbG8DZ3ExBHBvcwM0BHZ0aWQDBHNlYwNzcg--/RV=2/RE=1457440144/RO=10/RU=http%3a%2f%2fopeneuroscience.com%2fhardware-projects%2fsupercomputers%2fraspberry-pi-based%2f/RK=0/RS=YHoYhStKiDcpSu0B54T0KPZTEmE-",1
"Search Engines > Yahoo Search > r.search.yahoo.com/_ylt=A0SO8zmNChpXfHYAn.NXNyoA;_ylu=X3oDMTByMjR0MTVzBGNvbG8DZ3ExBHBvcwM3BHZ0aWQDBHNlYwNzcg--/RV=2/RE=1461353229/RO=10/RU=http%3a%2f%2fopeneuroscience.com%2fhardware-projects%2fopen-prosthetics-and-robotics%2f/RK=0/RS=Wt0zKmNBu0nVrjgylpwjPEUvWiQ-",1
"Search Engines > Yahoo Search > r.search.yahoo.com/_ylt=AwrTHRSeHt9W.ygA1QNXNyoA;_ylu=X3oDMTEyZmFpMWNsBGNvbG8DZ3ExBHBvcwM0BHZ0aWQDQjE3MjVfMQRzZWMDc3I-/RV=2/RE=1457491742/RO=10/RU=http%3a%2f%2fopeneuroscience.com%2f/RK=0/RS=xxr5O.2WeyhVDvOBVsXq93dLZJo-",1
"Search Engines > Yahoo Search > r.search.yahoo.com/_ylt=A9mSs2GFUuNXs6AACCBB4iA5;_ylu=X3oDMTByMnE1MzMwBGNvbG8DaXIyBHBvcwMzBHZ0aWQDBHNlYwNzcg--/RV=2/RE=1474544389/RO=10/RU=https%3a%2f%2fopeneuroscience.com%2fopen-wetware%2f/RK=0/RS=1rHixPFyNzRtM_0j59NtSDROdOE-",1
"Search Engines > Yahoo Search > r.search.yahoo.com/_ylt=A0SO8wUXZSFXxHIA5hVXNyoA;_ylu=X3oDMTByb2lvbXVuBGNvbG8DZ3ExBHBvcwMxBHZ0aWQDBHNlYwNzcg--/RV=2/RE=1461835159/RO=10/RU=https%3a%2f%2fopeneuroscience.com%2f/RK=0/RS=9IIgnHdl9dPwkUo40.dl.fYJfV4-",1
"Search Engines > Yahoo Search > r.search.yahoo.com/_ylt=A0LEVi8IZHFXevMAUmMPxQt.;_ylu=X3oDMTByMG04Z2o2BHNlYwNzcgRwb3MDMQRjb2xvA2JmMQR2dGlkAw--/RV=2/RE=1467077769/RO=10/RU=https%3a%2f%2fopeneuroscience.com%2f/RK=0/RS=qt9e02WnJ7BxJ1msDi8LgMXlRiw-",1
"Search Engines > Yahoo Search > r.search.yahoo.com/_ylt=AwrTHRJS9r5XFSAAUEpXNyoA;_ylu=X3oDMTByNDZ0aWFxBGNvbG8DZ3ExBHBvcwM2BHZ0aWQDBHNlYwNzcg--/RV=2/RE=1472161490/RO=10/RU=https%3a%2f%2fopeneuroscience.com%2fsoftware%2fcomputer-vision-and-motion-tracking-software%2f/RK=0/RS=9duXJFl4nv.6ktLgPF3k7wx3V5I-",1
"Search Engines > Yahoo Search > r.search.yahoo.com/_ylt=A0LEV06z3zhXHqAAJXdXNyoA;_ylu=X3oDMTEyYWU3MzViBGNvbG8DYmYxBHBvcwM5BHZ0aWQDQjE5MTBfMQRzZWMDc3I-/RV=2/RE=1463373876/RO=10/RU=https%3a%2f%2fopeneuroscience.com%2fdata-collaboration-projects%2fneuromorpho%2f/RK=0/RS=PTo3O9z8z9DjaVhZ6QHQkhqkgpc-",1
"Search Engines > Yahoo Search > ca.search.yahoo.com",1
"Search Engines > Yahoo Search > r.search.yahoo.com/_ylt=A0LEVr7ZH_1XhFIAmtMnnIlQ;_ylu=X3oDMTEyOWtuZnZxBGNvbG8DYmYxBHBvcwM4BHZ0aWQDQjI1ODBfMQRzZWMDc3I-/RV=2/RE=1476235354/RO=10/RU=https%3a%2f%2fopeneuroscience.com%2fdata-collaboration-projects%2fneuroimaging-databases%2f/RK=0/RS=frfoAuL3SvhEUbihpY61zTrpDbg-",1
"Search Engines > Yahoo Search > r.search.yahoo.com/_ylt=A0LEVjX6DZFXjp8AmlonnIlQ;_ylu=X3oDMTEyc2UxMW8yBGNvbG8DYmYxBHBvcwM1BHZ0aWQDQjI0MjdfMQRzZWMDc3I-/RV=2/RE=1469152891/RO=10/RU=https%3a%2f%2fopeneuroscience.com%2fsoftware%2fcomputer-vision-and-motion-tracking-software%2f/RK=0/RS=US4zhXh3iBPNjd4VZg02BsSRtkA-",1
"Search Engines > Yahoo Search > r.search.yahoo.com/_ylt=A0LEVvK3D6BXGU0AorQnnIlQ;_ylu=X3oDMTByNXM5bzY5BGNvbG8DYmYxBHBvcwMzBHZ0aWQDBHNlYwNzcg--/RV=2/RE=1470136376/RO=10/RU=https%3a%2f%2fopeneuroscience.com%2fsoftware%2fcomputer-vision-and-motion-tracking-software%2f/RK=0/RS=51d2PbeOwptzKAMdj1jvXCDMYQs-",1
"Search Engines > Yahoo Search > r.search.yahoo.com/_ylt=AwrT6VsMbMpXIa0As14PxQt.;_ylu=X3oDMTByMjAxbTBkBHNlYwNzcgRwb3MDNQRjb2xvA2dxMQR2dGlkAw--/RV=2/RE=1472912524/RO=10/RU=https%3a%2f%2fopeneuroscience.com%2fsoftware%2fdata-analysis-and-visualization%2fnipy%2fnibabel%2f/RK=0/RS=TmiizhG7ZMf76ZnQwGXAof.N.zM-",1
"Search Engines > Yahoo Search > r.search.yahoo.com/_ylt=AwrCKTzcLyVXasQAOQBXNyoA;_ylu=X3oDMTBsOXVyY2hzBGNvbG8DYmYxBHBvcwM3BHNlYwNzcg--/RV=1/RE=1462083676/RO=10/RU=http%3a%2f%2fopeneuroscience.com%2fdata-collaboration-projects%2fneuromorpho%2f/RS=%5EADASb_.JR9Vwpm7xRtSfe_fbYDL6gM-",1
"Search Engines > Yahoo Search > r.search.yahoo.com/RV=1/RE=1462020879/RB=/RO=8/RU=http%3a%2f%2fopeneuroscience.com%2fsoftware%2fcomputer-vision-and-motion-tracking-software%2f/RS=^ADAuMw1MRtuJnmCee0wXJRnFSMWi98-",1
"Search Engines > Yahoo Search > r.search.yahoo.com/_ylt=A0LEVv4.jHJXZX0AIwYPxQt.;_ylu=X3oDMTByMG04Z2o2BHNlYwNzcgRwb3MDMQRjb2xvA2JmMQR2dGlkAw--/RV=2/RE=1467153598/RO=10/RU=https%3a%2f%2fopeneuroscience.com%2f/RK=0/RS=8lD0vXbJJqlNlGIv7yXyYy8zbiQ-",1
"Search Engines > Yahoo Search > r.search.yahoo.com/_ylt=A0LEViMh8IdXw3EAeEAnnIlQ;_ylu=X3oDMTByNXM5bzY5BGNvbG8DYmYxBHBvcwMzBHZ0aWQDBHNlYwNzcg--/RV=2/RE=1468555425/RO=10/RU=https%3a%2f%2fopeneuroscience.com%2fhardware-projects%2fmicrocontrollers%2farduino%2f/RK=0/RS=8uGrSQj2Zk.fkkJ7HRZSzvFBn24-",1
"Search Engines > Yahoo Search > r.search.yahoo.com/_ylt=A0LEVvHWhXJX3FkApjwnnIlQ;_ylu=X3oDMTByOHZyb21tBGNvbG8DYmYxBHBvcwMxBHZ0aWQDBHNlYwNzcg--/RV=2/RE=1467151958/RO=10/RU=https%3a%2f%2fopeneuroscience.com%2fsoftware%2fcomputer-vision-and-motion-tracking-software%2f/RK=0/RS=7vhQ9BamJDY_mhj9eKmyFOB9Jik-",1
"Search Engines > Yahoo Search > r.search.yahoo.com/_ylt=A0LEVvP64ShXr08A79MPxQt.;_ylu=X3oDMTByOHZyb21tBGNvbG8DYmYxBHBvcwMxBHZ0aWQDBHNlYwNzcg--/RV=2/RE=1462325883/RO=10/RU=http%3a%2f%2fopeneuroscience.com%2fopen-source-simulations-and-models%2fopen-worm%2f/RK=0/RS=Qs0r1U..BMQ6Fr3beaCIh7aU9rM-",1
"Search Engines > duckduckgo.com",46
"Search Engines > duckduckgo.com > duckduckgo.com",43
"Search Engines > duckduckgo.com > r.duckduckgo.com",2
"Search Engines > duckduckgo.com > duckduckgo.com",1
"Search Engines > Baidu",22
"Search Engines > Baidu > baidu.com",21
"Search Engines > Baidu > m.baidu.com",1
"Search Engines > Ask.com",12
"Search Engines > Ask.com > nortonsafe.search.ask.com",6
"Search Engines > Ask.com > search.ask.com",2
"Search Engines > Ask.com > int.search.tb.ask.com/search/GGmain.jhtml?searchfor=moving+object+traking+in+computer+vision&p2=%5EBNF%5Exdm029%5EYYA%5Emy&n=782a311b&ss=sub&st=sb&ptb=1C641FDE-F151-41FE-B620-C4E6342EB14C&tpr=sbt&ts=1457597733112",1
"Search Engines > Ask.com > int.search.tb.ask.com/search/GGmain.jhtml?st=sb&ptb=93C7FB52-8DBA-4366-9612-A550E7C03146&n=782a2d9f&ind=2016030111&p2=%5EBYC%5Exdm008%5EYYA%5Ebg&searchfor=openbci+schematic",1
"Search Engines > Ask.com > int.search.tb.ask.com/search/GGmain.jhtml?searchfor=www.openeuroscience.com&tpr=hpsb&p2=%5EY6%5Exdm007%5EYYA%5Eng&n=781bb5b8&st=tab&ptb=B89F3B73-CAD3-4DFD-97F9-62CDA68BD118&qs&si=CIyG6r6ItccCFTDItAodTKQAsg&ts=1468432166143",1
"Search Engines > Ask.com > int.search.tb.ask.com/search/GGmain.jhtml?searchfor=neuroscience+software&tpr=hpsb&p2=%5EXP%5Expt602%5EYYA%5Eet&n=781bb932&st=tab&ptb=384D7B50-C547-425A-8AEA-4072EC2E54F4&qs&si=708473&ts=1467704125509",1
"Search Engines > Google Mobile",9
"Search Engines > Google Mobile > google.co.in/m",5
"Search Engines > Google Mobile > google.com/m",3
"Search Engines > Google Mobile > google.com.bd/m",1
"Search Engines > ixquick.com",6
"Search Engines > ixquick.com > ixquick.com/do/search",4
"Search Engines > ixquick.com > ixquick.com/do/metasearch.pl",2
"Search Engines > live.com",4
"Search Engines > Yandex",4
"Search Engines > mywebsearch.com",1
"Search Engines > myway.com",1
"Search Engines > virgilio.it",1
"Search Engines > sweetim.com",1
"Facebook",232
"trendinafrica.org",67
"trendinafrica.org > trendinafrica.org/activities/open-source/open-source-main/",32
"trendinafrica.org > trendinafrica.org/activities/open-source/other/",21
"trendinafrica.org > trendinafrica.org/who-are-we/people-new/",10
"trendinafrica.org > trendinafrica.org/supporters/partners/",4
"hackaday.com",55
"hackaday.com > hackaday.com/2016/08/02/hardwarex-is-a-scientific-journal-for-open-hardware/",43
"hackaday.com > hackaday.com/2016/08/02/hardwarex-is-a-scientific-journal-for-open-hardware/",11
"hackaday.com > hackaday.com/2016/08/02/hardwarex-is-a-scientific-journal-for-open-hardware/?platform=hootsuite",1
"appropedia.org/Open-source_Lab",35
"Twitter",33
"thingiverse.com",27
"thingiverse.com > thingiverse.com/thing:905172",25
"thingiverse.com > thingiverse.com/iamchagas/about",2
"android-app",27
"android-app > com.google.android.googlequicksearchbox",26
"android-app > com.linkedin.android",1
"Reddit",21
"Reddit > reddit.com/r/neuro/comments/4axomj/open_sourceopen_access_projects_related_to/",14
"Reddit > reddit.com",3
"Reddit > reddit.com/?count=150&after=t3_4ax1gr",2
"Reddit > reddit.com/?count=75&after=t3_4ay9wo",2
"mail.google.com",18
"mail.google.com > mail.google.com/mail/u/0/",8
"mail.google.com > mail.google.com/mail/mu/mp/578/",6
"mail.google.com > mail.google.com/mail/mu/mp/799/?hr=1",2
"mail.google.com > mail.google.com/mail/u/1/",1
"mail.google.com > mail.google.com/_/scs/mail-static/_/js/k=gmail.main.en.EEjvuq9_tGg.O/m=m_i,t,it/am=nhGvDTD_7_3BuJYBQFf6SIV57z_fLSk7drnH_-9NgKheBf5v9v8A_w_2pi0U/rt=h/d=1/rs=AHGWq9Dr3EeBua9dkGRpYcyX00H0PcMLmg",1
"Google+",17
"startpage.com",16
"startpage.com > startpage.com/do/search",6
"startpage.com > startpage.com/do/search",3
"startpage.com > startpage.com/do/metasearch.pl",1
"startpage.com > startpage.com/do/dsearch",1
"startpage.com > startpage.com/row/search",1
"startpage.com > startpage.com/do/dsearch?query=linux+neuroscience&cat=web&pl=opensearch&language=english",1
"startpage.com > startpage.com/do/asearch",1
"startpage.com > startpage.com/do/dsearch?query=objects+tracking+in+videos+free+software&cat=web&pl=opensearch&language=deutsch",1
"startpage.com > startpage.com/do/asearch",1
"tangentaudio.com/2013/03/project-aziz/",14
"1-free-share-buttons.com",13
"1-99seo.com/try.php?u=http%3A%2F%2Fopeneuroscience.com",13
"blogs.plos.org",11
"blogs.plos.org > blogs.plos.org/collections/open-source-toolkit-hardware/",9
"blogs.plos.org > blogs.plos.org/synbio/2016/03/01/open-source-hardware-is-an-opportunity-for-synthetic-biology-research-the-docubricks-approach-by-tobias-wenzel/",2
"healthinitiative.illinois.edu",11
"healthinitiative.illinois.edu > healthinitiative.illinois.edu/resources-training/initiatives-programs-and-data-repositories",5
"healthinitiative.illinois.edu > healthinitiative.illinois.edu/resources-training/initiatives-programs-and-data-repositories",5
"healthinitiative.illinois.edu > healthinitiative.illinois.edu/program-areas/clinical-and-translational-neuroscience/neuroscience-initiatives-programs-and",1
"open-labware.net",9
"open-labware.net > open-labware.net",7
"open-labware.net > open-labware.net/in-the-news/",2
"vk.com",9
"vk.com > vk.com/away.php",6
"vk.com > m.vk.com/away.php",2
"vk.com > vk.com/bci.brain.computer.interface",1
"github.com",9
"chan.usc.edu/npnl/resources",8
"Private networks",7
"Private networks > localhost:44117/0e085e8cc9a44383a2fc378b6efc881e/blockpage?id=seqkxa97u9l3gbc736ew3ta2ydbkhh06",2
"Private networks > localhost:44117/0e085e8cc9a44383a2fc378b6efc881e/blockpage?id=rj8ohxm4e3toexyhj1fnrnftddxsh5d4",2
"Private networks > localhost/wiki/doku.php?id=link",1
"Private networks > localhost/sanworks/about/community",1
"Private networks > localhost:8890/notebooks/ZDOcv9.ipynb",1
"collections.plos.org/open-source-toolkit-hardware",7
"vintage-radio.net",7
"vintage-radio.net > vintage-radio.net/forum/showthread.php?t=128968",6
"vintage-radio.net > vintage-radio.net/forum/showthread.php?p=872185",1
"makerfairezurich.ch",6
"makerfairezurich.ch > makerfairezurich.ch/en/makers/open-neuroscience-trend-in-africa-2/",2
"makerfairezurich.ch > makerfairezurich.ch/de/category/maker/page/2/",2
"makerfairezurich.ch > makerfairezurich.ch/de/maker/open-neuroscience-trend-in-africa/",2
"nbviewer.jupyter.org/github/mjirik/ZDO/blob/master/ZDOcv9.ipynb",6
"l.instagram.com",4
"l.instagram.com > l.instagram.com/?e=ATOUeYUX7mfYq3_T3IrL-udyBNa2bV0TVlIgu_2SL23baed2mVIJsVVFRA0E&u=http%3A%2F%2Fwww.openeuroscience.com%2F",2
"l.instagram.com > l.instagram.com/?e=ATNFDle_l0IzWSRmjjh--XrFZuqE6AvJkdC8p7qhJHz_NlbV_TAkRT8aTo0eQA&u=http%3A%2F%2Fwww.openeuroscience.com%2F",1
"l.instagram.com > l.instagram.com/?e=ATPAQBbscz9qjXWAjkHm021K-BqNLVj2DxgVr-Uyr_zFEqX7xS7CqJYgF0sZ&u=http%3A%2F%2Fwww.openeuroscience.com%2F",1
"webmail.ufrgs.br",4
"webmail.ufrgs.br > webmail.ufrgs.br/chasque/?_task=mail&_action=show&_uid=229&_mbox=INBOX",2
"webmail.ufrgs.br > webmail.ufrgs.br/chasque/?_task=mail&_action=preview&_uid=229&_mbox=INBOX&_framed=1",2
"lnkd.in",4
"indiebio.co.za/open-engineering",4
"searchlock.com",3
"WordPress.com Reader",3
"2574172.responsive-test.net",3
"agendas.obspm.fr/SOGo/so/delahaye/Mail/view",2
"search.xfinity.com",2
"search.xfinity.com > search.xfinity.com/?cat=web&con=betac&q=neuroimaging+databases",1
"search.xfinity.com > search.xfinity.com/?cat=web&con=betac&q=tDCS+device&offset=80",1
"openhardware.science",2
"openhardware.science > openhardware.science/2015/12/29/new-plos-collection-on-open-source-toolkit-hardware/",1
"openhardware.science > openhardware.science/new-plos-collection-on-open-source-toolkit-hardware/",1
"amuxel.dropmark.com",2
"amuxel.dropmark.com > amuxel.dropmark.com/251679/6348300",1
"amuxel.dropmark.com > amuxel.dropmark.com/redirect?url=http%3A%2F%2Fopeneuroscience.com%2Fsoftware%2Fcomputer-vision-and-motion-tracking-software%2F",1
"google.co.in//",2
"safesearch.avira.com",2
"googto.com/?q=computer+vision+open+source+project",2
"52.203.46.188/humhub/index.php?r=mail%2Fmail%2Findex&id=4",2
"link.springer.com/article/10.1007/s11011-015-9687-8",2
"boobsimge.com/2014/08/19/build+signal+generator",2
"duoguge.com",2
"mail01.ndc.nasa.gov/owa/redir.aspx?C=2eu4XheJr2xRys1hSWzM7bCU9KdBHbb6a6SKHzT4iFQRrU90VtTTCA..&URL=https%3A%2F%2Fopeneuroscience.com%2Fsoftware%2Fcomputer-vision-and-motion-tracking-software%2F",1
"wiki.inkit.org/neuro:start",1
"mobile.facebook.com",1
"search.lilo.org/results.php?q=open+neuroscience",1
"mail.yahoo.com",1
"zmx1.psych.ubc.ca/zimbra/",1
"labrigger.com/blog/2014/02/07/more-resources/",1
"g.namaho.com",1
"researchgate.net/post/What_is_in_your_opinion_the_best_software_for_conducting_behavioral_experiments_using_auditory_stimuli_and_a_touch-screen",1
"wangye.wallpai.com/search/?q=open+EEG",1
"travisjacobs.me/2015/03/12/openworm-article.html",1
"encrypted.google.com",1
"bztool.aiorai.com",1
"gg.huwaige.com/url?sa=t&rct=j&q&esrc=s&cd=3&cad=rja&uact=8&ved=0ahUKEwic1MK8uKnNAhUlIKYKHdiIAqMQFgguMAI&url=http%3A%2F%2Fopeneuroscience.com%2Fdata-collaboration-projects%2Fneuroimaging-databases%2F&usg=AFQjCNHq1G_dQVHcvySxgyEzAurbSBBjPg",1
"app.activtrak.com",1
"i.xsou.co",1
"muzhiso.wallpai.com",1
"pinterest.com",1
"one-tab.com/page/F17iH66bR1e2QZkQebkVag",1
"g.findll.com",1
"websearch.rakuten.co.jp/Web?qt=arduino+ttl+laser&col=OW&st=50&svx=101721",1
"bahanonu.com/syscarut/articles/145/",1
"buscatextual.cnpq.br/buscatextual/visualizacv.do?id=K4755504E3",1
"keywords-monitoring-your-success.com/try.php?u=http%3A%2F%2Fopeneuroscience.com",1
"127.0.0.1:4000/resources",1
"s13-eu4.startpage.com/do/search",1
"keep.google.com",1
"g2.wen.lu",1
"webmail.cea.fr/owa/redir.aspx?SURL=r444rDy5NSvlb-8uw0r5htRlJJQKBuVAVTZY4Rtuu_MjOJgRY27TCGgAdAB0AHAAcwA6AC8ALwBvAHAAZQBuAGUAdQByAG8AcwBjAGkAZQBuAGMAZQAuAGMAbwBtAC8AaABhAHIAZAB3AGEAcgBlAC0AcAByAG8AagBlAGMAdABzAC8AbQBpAGMAcgBvAHMAYwBvAHAAeQAtAGgAYQByAGQAdwBhAHIAZQAvAHMAYwBhAG4AbgBpAG4AZwAtAGUAbABlAGMAdAByAG8AbgAtAG0AaQBjAHIAbwBzAGMAbwBwAGUALwA.&URL=https%3A%2F%2Fopeneuroscience.com%2Fhardware-projects%2Fmicroscopy-hardware%2Fscanning-electron-microscope%2F",1
"ilbe.com/index.php?mid=ilbe&search_target=title&search_keyword=%ED%94%84%EB%A1%9C%EA%B7%B8%EB%9E%98%EB%B0%8D&document_srl=7021777581",1
"WordPress Dashboard",1
"openplant.org/gosh/2015/12/29/new-plos-collection-on-open-source-toolkit-hardware/",1
"searx.me",1
"admin.cioreview.com/data-request.php?get-data=true",1
"mikontwerpers.nl/onwar/?page_id=135",1
"startgoogle.startpagina.nl/?lr&as_qdr&ts=ts4&origin=homepage&query=neuro+science+analyse+met+spss",1
"suche.web.de/find?q=motion+tracking+software&ae=10000&at=4&lang=de&mkt=de&origin=274&mty=b&kwd=%2Bmotion+%2Btracking+%2Bsoftware&net=g&cre=91123152383&pla&mob&sou=s&aid&adp=1o3&kwid=kwd-35394180468&agid=27914156783&clickid=11432501103580906435&vt=1&gclid=CKGuyOHPvs8CFUIW0wodkoQKaQ",1
"startsiden.no/sok/?q=neuro+source",1
"poczta.interia.pl/html/getmail,imgProtectedStatus,1",1
"zimbra.xmission.com/zimbra/t/",1