"http://openeuroscience.com/",10
"computer vision software",8
"arduino signal generator",8
"arduino function generator",7
"http://openeuroscience.com/hardware-projects/",7
"open source software trac rat",6
"yale openhand project",6
"open source neuroscience",5
"arduino neuroscience",5
"openeeg",5
"open source motion tracking",4
"raspberry pi eeg",4
"raspberry pi and neuro science",4
"raspberry pi boinc cluster",3
"arduino frequency generator",3
"open optogenetics",3
"gogofuge",3
"fieldtrip software",3
"http://openeuroscience.com/tutorials/human-psychophysics-using-arduino/",3
"eeg on raspberry pi",3
"tracking library vision",3
"eeg raspberry pi",2
"diy neuroscience",2
"eeg near infrared diy",2
"openbci raspberry pi",2
"building image tracking software",2
"infrared spectroscopy sensor",2
"neuroscience plugin imagej",2
"function generator arduino",2
"object tracking software",2
"neuroscience software",2
"eeg open",2
"image tracking software",2
"open eeg",2
"open neuroscience data sharing biotechnology companies",2
"open pcr hardware",2
"opeb learning initiative neuroscience",2
"motion tracking software open source",2
"xr2206 function generator sawtooth",2
"waveform generator arduino",2
"psychophysics auditory software",2
"electrophysiology neuroscience",2
"yale open hand project",2
"open neuroimaging databases",2
"비글본 뇌파",2
"arduino waveform generator",2
"tdcs machine",2
"fieldtrip: open source software for advanced analysis of meg, eeg, and invasive electrophysiological",2
"diy supercomputer",2
"data analysis neuroscience python rstudio",2
"arduino micro neuron projects",2
"http://openeuroscience.com/tag/diy-biology/",2
"arduino neurocience",2
"video tracking software",2
"open source hearing aid",2
"arduino spectroscope",2
"pycon skinner box",1
"backyard brain neuroscience",1
"генератор квадратного сигнала arduino",1
"germany imagej near infrared  brain",1
"diy near infared spectroscopy",1
"openpcr",1
"openeuroscience tracking",1
"neuroscience linux",1
"near infrared spectroscopy devices diy",1
"3d tracking software sinfonic",1
"neuroscience crowd project",1
"eye tracking open source computer vision",1
"beaglebone black supercomputer",1
"open source motion tracker",1
"motion tracking vision system open source",1
"open source signal generator",1
"arduino neurosciece",1
"arduino hearing aid",1
"tensor flow open source",1
"openneuroscience",1
"function generator using arduino due",1
"arduino generator",1
"neuroscience open data",1
"arduino uno syringe pump",1
"tdcs device",1
"open control video tracking",1
"good signal generator circuit",1
"target tracking software",1
"eye movement detection using open computer vision",1
"object tracking software open source",1
"http://openeuroscience.com/software/computer-vision-and-motion-tracking-software/",1
"make a model neuron from raspberry pi",1
"triangular waveform using arduino",1
"projects different types of bio signals",1
"arduino and raspberry pi uses neuroscience",1
"arduino fuction genarator need",1
"video image tracking software",1
"opensource tracking object",1
"function genetators using ardui.o",1
"syringe pump using arduino",1
"opensource signal generator",1
"motion marchine learning open source",1
"open source image tracking software",1
"freeware unzip software",1
"open hardware projects",1
"micropositioner 3d printing",1
"how to use neuroimaging databases",1
"vision program for computer",1
"open hardware prosthetics",1
"silence image   tracking software in opencv",1
"image tracking softwear",1
"eeg recording raspberry pi",1
"rasperry pi eeg",1
"arduino based waveform generator",1
"http://openeuroscience.com/hardware-projects/signal-generators/",1
"kind of computer vision tracker",1
"arduino uno frequency generator",1
"3d motion tracking drosophila",1
"auditory psychophysics software",1
"raspberry pi hearing aid",1
"ipipete's",1
"matplotlib for schematics",1
"python with parallela board",1
"open source for motion tracking",1
"eeg free software open source",1
"free software eeg analysis software rodents",1
"lhc nueroscience",1
"openbci software",1
"3d printing in neuroscience",1
"aurdiono arbitrary waveform generator project",1
"raspberry pi supercomputer boinc",1
"free neuroscience software",1
"pi syringe pump",1
"xmega-waveform-serial.c boston",1
"red pitaya python",1
"tdcs arduino",1
"application of 3d printing in neuroscience",1
"molecular biology tools used in neuroscience",1
"best tdcs machines",1
"motion tracking computer vision",1
"open neuroscience eeg",1
"diy ir spectrometer",1
"python neuroscience",1
"electrophysiology openproject",1
"biotracking with pi raspberry",1
"tdcs",1
"run arduino atxmega",1
"signal generator android",1
"arduino centrifuge",1
"neuroscience for everyone",1
"eeg source reconstruction matlab",1
"near infrared open",1
"open neurou science",1
"programs arduino neuroscience",1
"arduino neuro",1
"open source motion track",1
"field trip eeg",1
"wordpress neuroscience",1
"open source object tracking video",1
"parallela schemetics",1
"neuro arduino",1
"fieldtrip eeg pi",1
"neuroscience arduino shield",1
"wordpress lab notebook",1
"function generator opensource",1
"open neuro",1
"trapezoidal waveform in software",1
"micromanager arduino",1
"arduino sine wave generator",1
"open sourse  arduino signal generator",1
"tdcs device schematics",1
"wordpress eeg",1
"openbci blog",1
"signal generator circuits",1
"video tracking software open source",1
"source crowd neuro",1
"open contest neuroscience",1
"arduino neuro electrophysiology",1
"neuroscience labs optogenetics",1
"arduino open source machine vision software",1
"microscope image processing icons",1
"neuroscience sources",1
"генератор сигналов на ардуино",1
"gnu octave computer vision",1
"ardiuno base hearing aid  project",1
"intelligent hearing aids",1
"diy nirs",1
"open neuroscience",1
"vision tracking",1
"arduino control opensource projects",1
"arduino mega function generator",1
"open syringe pump",1
"open source motion tracking software",1
"python numpy bathy",1
"open source projects neuroscience",1
"Unknown Search Terms",8627