"Search Engines",12675
"Search Engines > Google Search",12194
"Search Engines > Google Search > google.com",3638
"Search Engines > Google Search > google.com/search",818
"Search Engines > Google Search > google.co.uk",551
"Search Engines > Google Search > google.de",460
"Search Engines > Google Search > google.ca",413
"Search Engines > Google Search > google.co.in",384
"Search Engines > Google Search > google.it",314
"Search Engines > Google Search > google.de/search",266
"Search Engines > Google Search > google.com.br",258
"Search Engines > Google Search > google.fr",249
"Search Engines > Google Search > google.com.au",246
"Search Engines > Google Search > google.es",195
"Search Engines > Google Search > google.co.uk/search",177
"Search Engines > Google Search > google.nl",155
"Search Engines > Google Search > google.com.mx",143
"Search Engines > Google Search > google.fr/search",124
"Search Engines > Google Search > google.pl",118
"Search Engines > Google Search > google.ru",117
"Search Engines > Google Search > google.co.kr",114
"Search Engines > Google Search > google.ch",110
"Search Engines > Google Search > google.co.jp",109
"Search Engines > Google Search > google.se",108
"Search Engines > Google Search > google.com.tr",97
"Search Engines > Google Search > google.com.tw",89
"Search Engines > Google Search > google.it/search",89
"Search Engines > Google Search > google.com.ar",83
"Search Engines > Google Search > google.pt",82
"Search Engines > Google Search > google.be",80
"Search Engines > Google Search > google.nl/search",77
"Search Engines > Google Search > google.co.th",75
"Search Engines > Google Search > google.co.kr/search",73
"Search Engines > Google Search > google.co.in/search",72
"Search Engines > Google Search > google.dk",72
"Search Engines > Google Search > google.ca/search",68
"Search Engines > Google Search > google.com.hk",67
"Search Engines > Google Search > google.hu",63
"Search Engines > Google Search > google.com.au/search",61
"Search Engines > Google Search > google.co.il",59
"Search Engines > Google Search > google.gr",57
"Search Engines > Google Search > google.cz",57
"Search Engines > Google Search > google.es/search",55
"Search Engines > Google Search > google.com.sg",55
"Search Engines > Google Search > google.co.za",49
"Search Engines > Google Search > google.cl",49
"Search Engines > Google Search > google.co.jp/search",49
"Search Engines > Google Search > google.com.br/search",48
"Search Engines > Google Search > google.ro",48
"Search Engines > Google Search > google.no",47
"Search Engines > Google Search > google.fi",45
"Search Engines > Google Search > google.com.pk",44
"Search Engines > Google Search > google.ie",43
"Search Engines > Google Search > google.at/search",42
"Search Engines > Google Search > google.at",40
"Search Engines > Google Search > google.co.nz",39
"Search Engines > Google Search > google.co.id",37
"Search Engines > Google Search > google.com.co",35
"Search Engines > Google Search > google.com.ua",35
"Search Engines > Google Search > google.pl/search",34
"Search Engines > Google Search > google.no/search",29
"Search Engines > Google Search > google.si",29
"Search Engines > Google Search > google.com.ph",29
"Search Engines > Google Search > google.com.eg",29
"Search Engines > Google Search > google.ro/search",28
"Search Engines > Google Search > google.gr/search",28
"Search Engines > Google Search > google.be/search",26
"Search Engines > Google Search > google.dk/search",26
"Search Engines > Google Search > google.ch/search",25
"Search Engines > Google Search > google.ru/search",25
"Search Engines > Google Search > google.pt/search",23
"Search Engines > Google Search > google.se/search",23
"Search Engines > Google Search > google.bg",23
"Search Engines > Google Search > google.com.tw/search",23
"Search Engines > Google Search > google.sk",23
"Search Engines > Google Search > google.co.za/search",21
"Search Engines > Google Search > google.rs",20
"Search Engines > Google Search > google.com.mx/search",19
"Search Engines > Google Search > google.com.tr/search",19
"Search Engines > Google Search > google.com.pe",18
"Search Engines > Google Search > google.hr",18
"Search Engines > Google Search > google.fi/search",17
"Search Engines > Google Search > google.ae",16
"Search Engines > Google Search > google.lk",16
"Search Engines > Google Search > google.com.hk/search",16
"Search Engines > Google Search > google.co.nz/search",16
"Search Engines > Google Search > google.com.pr",15
"Search Engines > Google Search > google.co.id/search",15
"Search Engines > Google Search > google.cz/search",14
"Search Engines > Google Search > google.com.sg/search",12
"Search Engines > Google Search > google.com.uy",12
"Search Engines > Google Search > google.co.th/search",11
"Search Engines > Google Search > google.co.ve",10
"Search Engines > Google Search > google.si/search",10
"Search Engines > Google Search > google.co.il/search",10
"Search Engines > Google Search > google.hu/search",10
"Search Engines > Google Search > google.com.ar/search",10
"Search Engines > Google Search > google.ge",10
"Search Engines > Google Search > google.com.my",10
"Search Engines > Google Search > google.com.sa",10
"Search Engines > Google Search > google.lt",9
"Search Engines > Google Search > google.tn",9
"Search Engines > Google Search > google.ps",9
"Search Engines > Google Search > google.ie/search",9
"Search Engines > Google Search > google.ee",9
"Search Engines > Google Search > google.com.bd",8
"Search Engines > Google Search > google.sk/search",7
"Search Engines > Google Search > google.jo",7
"Search Engines > Google Search > google.com.pr/search",7
"Search Engines > Google Search > google.dz",7
"Search Engines > Google Search > google.hr/search",7
"Search Engines > Google Search > google.by",6
"Search Engines > Google Search > google.ba",6
"Search Engines > Google Search > google.com.ng",6
"Search Engines > Google Search > google.com.lb",6
"Search Engines > Google Search > google.iq",6
"Search Engines > Google Search > google.com.ng/search",6
"Search Engines > Google Search > google.lv",5
"Search Engines > Google Search > google.com.ph/search",5
"Search Engines > Google Search > google.com.ec",4
"Search Engines > Google Search > google.com.co/search",4
"Search Engines > Google Search > google.com.eg/search",4
"Search Engines > Google Search > google.co.cr",4
"Search Engines > Google Search > google.bg/search",4
"Search Engines > Google Search > google.mn",4
"Search Engines > Google Search > google.com.pk/search",4
"Search Engines > Google Search > google.rs/search",4
"Search Engines > Google Search > google.az",4
"Search Engines > Google Search > google.com.py",4
"Search Engines > Google Search > google.ca",3
"Search Engines > Google Search > google.mu",3
"Search Engines > Google Search > google.com.vn",3
"Search Engines > Google Search > google.lk/search",3
"Search Engines > Google Search > images.google.fr/search",3
"Search Engines > Google Search > google.com.bo",3
"Search Engines > Google Search > google.com.ua/search",3
"Search Engines > Google Search > google.lu/search",2
"Search Engines > Google Search > google.com.af",2
"Search Engines > Google Search > google.com.cy",2
"Search Engines > Google Search > google.com.my/search",2
"Search Engines > Google Search > google.lt",2
"Search Engines > Google Search > google.cat/search",2
"Search Engines > Google Search > google.com.jm",2
"Search Engines > Google Search > google.lt/search",2
"Search Engines > Google Search > google.lv/search",2
"Search Engines > Google Search > google.com.mm/search",2
"Search Engines > Google Search > google.com.sa/search",2
"Search Engines > Google Search > google.cl/search",2
"Search Engines > Google Search > google.is",2
"Search Engines > Google Search > google.dz/search",2
"Search Engines > Google Search > google.com.gt",2
"Search Engines > Google Search > google.com.np",2
"Search Engines > Google Search > google.tt",2
"Search Engines > Google Search > google.co.tz",2
"Search Engines > Google Search > google.lu",2
"Search Engines > Google Search > google.com.gh",2
"Search Engines > Google Search > google.co.uk",1
"Search Engines > Google Search > google.cm/search",1
"Search Engines > Google Search > google.cm",1
"Search Engines > Google Search > google.co.bw/search",1
"Search Engines > Google Search > google.tn/search",1
"Search Engines > Google Search > google.co.zw/search",1
"Search Engines > Google Search > google.de",1
"Search Engines > Google Search > google.mu/search",1
"Search Engines > Google Search > google.ba/search",1
"Search Engines > Google Search > google.co.in",1
"Search Engines > Google Search > google.com.kw/search",1
"Search Engines > Google Search > google.com.lb/search",1
"Search Engines > Google Search > google.kz",1
"Search Engines > Google Search > google.ae/search",1
"Search Engines > Google Search > google.al",1
"Search Engines > Google Search > google.by/search",1
"Search Engines > Google Search > google.ee/search",1
"Search Engines > Google Search > google.am",1
"Search Engines > Google Search > google.com.uy/search",1
"Search Engines > Google Search > google.com.et",1
"Search Engines > Google Search > google.co.ve/search",1
"Search Engines > Google Search > google.com.bd/search",1
"Search Engines > Google Search > google.co.bw",1
"Search Engines > Google Search > google.com.do",1
"Search Engines > Google Search > google.com.kh",1
"Search Engines > Google Search > google.co.nz",1
"Search Engines > Google Search > cse.google.com/search",1
"Search Engines > Google Search > google.com.vc",1
"Search Engines > Google Search > google.co.il",1
"Search Engines > Google Search > google.co.zm",1
"Search Engines > Google Search > google.com.gt/search",1
"Search Engines > Google Search > cse.google.co.il/search",1
"Search Engines > Google Search > google.com.bo/search",1
"Search Engines > Google Image Search",302
"Search Engines > Google Image Search > google.de/imgres",83
"Search Engines > Google Image Search > google.fr/imgres",60
"Search Engines > Google Image Search > google.com/imgres",30
"Search Engines > Google Image Search > google.pl/imgres",12
"Search Engines > Google Image Search > images.google.fr/imgres",11
"Search Engines > Google Image Search > google.com.br/imgres",10
"Search Engines > Google Image Search > google.com.tr/imgres",9
"Search Engines > Google Image Search > google.co.in/imgres",8
"Search Engines > Google Image Search > images.google.de/imgres",8
"Search Engines > Google Image Search > google.co.uk/imgres",8
"Search Engines > Google Image Search > google.ro/imgres",7
"Search Engines > Google Image Search > google.it/imgres",7
"Search Engines > Google Image Search > google.es/imgres",6
"Search Engines > Google Image Search > google.com.eg/imgres",4
"Search Engines > Google Image Search > google.pt/imgres",4
"Search Engines > Google Image Search > google.be/imgres",3
"Search Engines > Google Image Search > google.co.jp/imgres",3
"Search Engines > Google Image Search > google.com.ar/imgres",3
"Search Engines > Google Image Search > google.com.my/imgres",2
"Search Engines > Google Image Search > google.cz/imgres",2
"Search Engines > Google Image Search > google.ru/imgres",2
"Search Engines > Google Image Search > google.nl/imgres",2
"Search Engines > Google Image Search > google.co.th/imgres",2
"Search Engines > Google Image Search > google.co.id/imgres",2
"Search Engines > Google Image Search > google.com.bd/imgres",1
"Search Engines > Google Image Search > google.rs/imgres",1
"Search Engines > Google Image Search > google.co.za/imgres",1
"Search Engines > Google Image Search > google.mn/imgres",1
"Search Engines > Google Image Search > google.com.mx/imgres",1
"Search Engines > Google Image Search > google.bg/imgres",1
"Search Engines > Google Image Search > google.se/imgres",1
"Search Engines > Google Image Search > google.com.co/imgres",1
"Search Engines > Google Image Search > google.com.sg/imgres",1
"Search Engines > Google Image Search > google.co.il/imgres",1
"Search Engines > Google Image Search > google.com.ua/imgres",1
"Search Engines > Google Image Search > google.cl/imgres",1
"Search Engines > Google Image Search > google.com.mm/imgres",1
"Search Engines > Google Image Search > google.hr/imgres",1
"Search Engines > Bing",65
"Search Engines > Bing > bing.com",43
"Search Engines > Bing > cn.bing.com",13
"Search Engines > Bing > bing.com",6
"Search Engines > Bing > bing.com",2
"Search Engines > Bing > global.bing.com",1
"Search Engines > Yahoo Search",49
"Search Engines > Yahoo Search > search.yahoo.co.jp",6
"Search Engines > Yahoo Search > r.search.yahoo.com/_ylt=A86.J3UJ.ZtV1XwAgPwnnIlQ;_ylu=X3oDMTEzaTE5OTM1BGNvbG8DZ3ExBHBvcwMyBHZ0aWQDRkZHRUMwXzEEc2VjA3Ny/RV=2/RE=1436313994/RO=10/RU=http%3a%2f%2fopeneuroscience.com%2ftag%2fopen-data%2f/RK=0/RS=neNRuCJd9CWU6wC2yKehk.CrGoQ-",3
"Search Engines > Yahoo Search > search.yahoo.com",3
"Search Engines > Yahoo Search > r.search.yahoo.com/_ylt=A0LEV2O_UWhVdf4AjrlLBQx.;_ylu=X3oDMTE0a3NoYTNiBGNvbG8DYmYxBHBvcwMxBHZ0aWQDVklQVUszNV8xBHNlYwNzcg--/RV=2/RE=1432928831/RO=10/RU=http%3a%2f%2fopeneuroscience.com%2fhardware-projects%2fsupercomputers%2fparallela%2f/RK=0/RS=UiSFjVta04cqksV5NInXB7YRtns-",2
"Search Engines > Yahoo Search > us.yhs4.search.yahoo.com",2
"Search Engines > Yahoo Search > r.search.yahoo.com/_ylt=A0LEVi_iK4hVcwcA1ncnnIlQ;_ylu=X3oDMTEzZzJpMTA5BGNvbG8DYmYxBHBvcwM0BHZ0aWQDRkZHRTAxXzEEc2VjA3Ny/RV=2/RE=1435016291/RO=10/RU=http%3a%2f%2fopeneuroscience.com%2fsoftware%2fdata-analysis-and-visualization%2fnipy%2f/RK=0/RS=UGp4JKuc6IiFhPwngUyueqoY_gE-",2
"Search Engines > Yahoo Search > search.yahoo.com",2
"Search Engines > Yahoo Search > r.search.yahoo.com/_ylt=A0LEVi1m2gVWrPMAqQgnnIlQ;_ylu=X3oDMTByNXM5bzY5BGNvbG8DYmYxBHBvcwMzBHZ0aWQDBHNlYwNzcg--/RV=2/RE=1443252967/RO=10/RU=http%3a%2f%2fopeneuroscience.com%2fsoftware%2flinux-distributions%2f/RK=0/RS=fkeV2wTZxYVTvrgvEV1st3lYHz8-",2
"Search Engines > Yahoo Search > r.search.yahoo.com/_ylt=AwrTccgGoyRW3YQAkzwPxQt.;_ylu=X3oDMTByb2lvbXVuBGNvbG8DZ3ExBHBvcwMxBHZ0aWQDBHNlYwNzcg--/RV=2/RE=1445270407/RO=10/RU=http%3a%2f%2fopeneuroscience.com%2ftutorials%2fhuman-psychophysics-using-arduino%2f/RK=0/RS=N1afE1TDhmjuzasUlu39uRSG4jo-",2
"Search Engines > Yahoo Search > r.search.yahoo.com/_ylt=AwrSbmpBgvhVsHwAqOFXNyoA;_ylu=X3oDMTEyc2dwNGkxBGNvbG8DZ3ExBHBvcwM1BHZ0aWQDQTAxMDVfMQRzZWMDc3I-/RV=2/RE=1442378434/RO=10/RU=http%3a%2f%2fopeneuroscience.com%2fhardware-projects%2fhuman-brain-interactors%2ftdcs-machine%2f/RK=0/RS=lpNY5Cxe7Y_2lKQ5JsKx.GkkdDo-",2
"Search Engines > Yahoo Search > r.search.yahoo.com/_ylt=A0LEVvzziuxVpCUAhbknnIlQ;_ylu=X3oDMTEzb2drOTl1BGNvbG8DYmYxBHBvcwM5BHZ0aWQDRkZSQTAxXzEEc2VjA3Ny/RV=2/RE=1441594228/RO=10/RU=http%3a%2f%2fopeneuroscience.com%2fhardware-projects%2fcomputers%2fraspberry-pi%2f/RK=0/RS=ZmdVEvb9l.2N3FdzDSHrmKsIpEY-",1
"Search Engines > Yahoo Search > r.search.yahoo.com/_ylt=A9mSs2jb2FVWC4IAErUzCQx.;_ylu=X3oDMTE0bmgzNGxuBGNvbG8DaXIyBHBvcwM2BHZ0aWQDVUlERUMwMV8xBHNlYwNzcg--/RV=2/RE=1448495451/RO=10/RU=http%3a%2f%2fopeneuroscience.com%2ftutorials%2fhuman-psychophysics-using-arduino%2fpython-posner-test%2f/RK=0/RS=S4OToAaV8dNH47Ono6Ac.biPQmQ-",1
"Search Engines > Yahoo Search > r.search.yahoo.com/_ylt=AwrwNFg8DiVVpW8AgZizygt.;_ylu=X3oDMTEzYXY2bmI4BHNlYwNzcgRwb3MDMQRjb2xvA3NnMwR2dGlkA0hLQzAwOF8x/RV=2/RE=1428520637/RO=10/RU=http%3a%2f%2fopeneuroscience.com%2fhardware-projects%2fhuman-brain-interactors%2ftdcs-machine%2f/RK=0/RS=jQCtyxWndhj4VrE1Zqh.nagbu1Y-",1
"Search Engines > Yahoo Search > r.search.yahoo.com/_ylt=AwrSbl4Y61RVMRUArKw5ByI5;_ylu=X3oDMTByaDNhc2JxBHNlYwNzcgRwb3MDMQRjb2xvA2dxMQR2dGlkAw--/RV=2/RE=1431657369/RO=10/RU=http%3a%2f%2fopeneuroscience.com%2f/RK=0/RS=ZarGa9haqDShNaR9boF19Q4zFCY-",1
"Search Engines > Yahoo Search > r.search.yahoo.com/_ylt=AwrSbmRBwBtVOlIAK3sL5gt.;_ylu=X3oDMTByN2lydWw3BHNlYwNzcgRwb3MDOARjb2xvA2dxMQR2dGlkAw--/RV=2/RE=1427910850/RO=10/RU=http%3a%2f%2fopeneuroscience.com%2fsoftware%2fcomputer-vision-and-motion-tracking-software%2f/RK=0/RS=yOFio9d_b3w8W8ysTtMjosGG41g-",1
"Search Engines > Yahoo Search > r.search.yahoo.com/_ylt=AwrTccyKbNFUCF4AMqwnnIlQ;_ylu=X3oDMTEzMHQ3NXMwBHNlYwNzcgRwb3MDNQRjb2xvA2dxMQR2dGlkA1lIUzAwNF8x/RV=2/RE=1423039754/RO=10/RU=http%3a%2f%2fopeneuroscience.com%2fsoftware%2fdata-analysis-and-visualization%2fstatistics-r%2f/RK=0/RS=RgVsHS3IEZhVxM2TJtIgXpFikFU-",1
"Search Engines > Yahoo Search > r.search.yahoo.com/_ylt=A9mSs3MbrW1VvDUAXXhLBQx.;_ylu=X3oDMTBydWZibG83BGNvbG8DaXIyBHBvcwM4BHZ0aWQDBHNlYwNzcg--/RV=2/RE=1433279900/RO=10/RU=http%3a%2f%2fopeneuroscience.com%2fhardware-projects%2fsupercomputers%2fparallela%2f/RK=0/RS=Su3Nbtk3VevR8yC3VgkfLs2PtwQ-",1
"Search Engines > Yahoo Search > r.search.yahoo.com/_ylt=AwrTccepQ7BURDcAjRcPxQt.;_ylu=X3oDMTByc25qcnVyBHNlYwNzcgRwb3MDNARjb2xvA2dxMQR2dGlkAw--/RV=2/RE=1420866602/RO=10/RU=http%3a%2f%2fopeneuroscience.com%2fhardware-projects%2fhuman-brain-interactors%2feeg-systems%2fopen-eeg%2f/RK=0/RS=.NnW1oIRtLZZ3oqJVua6ZxvUW6s-",1
"Search Engines > Yahoo Search > image.search.yahoo.co.jp",1
"Search Engines > Yahoo Search > r.search.yahoo.com/_ylt=A2oKmJBt1v9UwVwAg4.zygt.;_ylu=X3oDMTByN2RnanRxBHNlYwNzcgRwb3MDMQRjb2xvA3NnMwR2dGlkAw--/RV=2/RE=1426081518/RO=10/RU=http%3a%2f%2fopeneuroscience.com%2fhardware-projects%2fhuman-brain-interactors%2ftdcs-machine%2f/RK=0/RS=vxSiqjZiu9Nc.nZLdUbLSL62oXg-",1
"Search Engines > Yahoo Search > r.search.yahoo.com/_ylt=A0LEVvZQ7GFVOG0A6ZsnnIlQ;_ylu=X3oDMTByOHZyb21tBGNvbG8DYmYxBHBvcwMxBHZ0aWQDBHNlYwNzcg--/RV=2/RE=1432509649/RO=10/RU=http%3a%2f%2fopeneuroscience.com%2f/RK=0/RS=8YmOfZmMGo76n9yyFQJYJDcbZUo-",1
"Search Engines > Yahoo Search > r.search.yahoo.com/_ylt=A0LEV2pdqK5VGDIAYNazSBh.;_ylu=X3oDMTByMHZ0NG9yBGNvbG8DYmYxBHBvcwM3BHZ0aWQDBHNlYwNzcg--/RV=2/RE=1437538526/RO=10/RU=http%3a%2f%2fopeneuroscience.com%2fhardware-projects%2fmicrocontrollers%2farduino%2fcomment-page-1%2f/RK=0/RS=hebxiUV9Yg2mj0E_rRUwKYyJZvo-",1
"Search Engines > Yahoo Search > r.search.yahoo.com/_ylt=A0LEVwmVNcVVNhgAk2hXNyoA;_ylu=X3oDMTEzZWVmdXVwBGNvbG8DYmYxBHBvcwMxMAR2dGlkA0IwNDc1XzEEc2VjA3Ny/RV=2/RE=1439016469/RO=10/RU=http%3a%2f%2fopeneuroscience.com%2fhardware-projects%2fopen-prosthetics-and-robotics%2fopen-bionics%2f/RK=0/RS=0rPOvd2jdfJG3UoKqOVXVUaqc6U-",1
"Search Engines > Yahoo Search > r.search.yahoo.com/_ylt=A0LEV0V6KtdVZf8AOHxXNyoA;_ylu=X3oDMTEybTVzN2RiBGNvbG8DYmYxBHBvcwMzBHZ0aWQDQTAxMDRfMQRzZWMDc3I-/RV=2/RE=1440193275/RO=10/RU=http%3a%2f%2fopeneuroscience.com%2fhardware-projects%2fsignal-generators%2f/RK=0/RS=qAkaN4TdUUAMqs_7DADn7KjEELg-",1
"Search Engines > Yahoo Search > ph.search.yahoo.com",1
"Search Engines > Yahoo Search > r.search.yahoo.com/_ylt=A0LEV1BfNNZVaOkAwoRXNyoA;_ylu=X3oDMTEyOHZiOWo1BGNvbG8DYmYxBHBvcwMyBHZ0aWQDQTAxMDRfMQRzZWMDc3I-/RV=2/RE=1440130272/RO=10/RU=http%3a%2f%2fopeneuroscience.com%2fhardware-projects%2fsignal-generators%2f/RK=0/RS=ncRFi5WBXlA0c5BnzcpFKKCCuJw-",1
"Search Engines > Yahoo Search > r.search.yahoo.com/_ylt=A0LEVjpanRVWHewAMbYnnIlQ;_ylu=X3oDMTBydWNmY2MwBGNvbG8DYmYxBHBvcwM0BHZ0aWQDBHNlYwNzcg--/RV=2/RE=1444285915/RO=10/RU=http%3a%2f%2fopeneuroscience.com%2fhardware-projects%2f3d-printing%2f/RK=0/RS=vd6i5WN1tECHJkFCQGx6HIUuUjU-",1
"Search Engines > Yahoo Search > r.search.yahoo.com/_ylt=AwrTccwhw89VnogAif8nnIlQ;_ylu=X3oDMTByYnR1Zmd1BGNvbG8DZ3ExBHBvcwMyBHZ0aWQDBHNlYwNzcg--/RV=2/RE=1439708065/RO=10/RU=http%3a%2f%2fopeneuroscience.com%2fhardware-projects%2fsupercomputers%2fparallela%2f/RK=0/RS=_f_sA_CdmTtk9Cc1REzZb0SzhBU-",1
"Search Engines > Yahoo Search > r.search.yahoo.com/_ylt=A2oKmMzhSnJVq0oAyTnfzAt.;_ylu=X3oDMTByN2RnanRxBHNlYwNzcgRwb3MDMQRjb2xvA3NnMwR2dGlkAw--/RV=2/RE=1433582435/RO=10/RU=http%3a%2f%2fopeneuroscience.com%2fhardware-projects%2fhuman-brain-interactors%2ftdcs-machine%2f/RK=0/RS=zqwQnUVyHAQoPWMmVK5WHvmN8BE-",1
"Search Engines > Yahoo Search > r.search.yahoo.com/_ylt=AwrBT8Od0idWos4AFF5XNyoA;_ylu=X3oDMTE0NW1rN2ZrBGNvbG8DYmYxBHBvcwMxMAR2dGlkA1ZJUDYxNV8xBHNlYwNzcg--/RV=2/RE=1445479198/RO=10/RU=http%3a%2f%2fopeneuroscience.com%2fhardware-projects%2fcomputers%2fraspberry-pi%2f/RK=0/RS=y7jzC8TlqoCSFhpV8I._ph_pOMk-",1
"Search Engines > Yahoo Search > r.search.yahoo.com/_ylt=AwrTccgGoyRW3YQAlTwPxQt.;_ylu=X3oDMTByYnR1Zmd1BGNvbG8DZ3ExBHBvcwMyBHZ0aWQDBHNlYwNzcg--/RV=2/RE=1445270407/RO=10/RU=http%3a%2f%2fopeneuroscience.com%2fhardware-projects%2fmicrocontrollers%2farduino%2fcomment-page-1%2f/RK=0/RS=QyEOUzjBKbd.U.Ajpug6ilDlv3M-",1
"Search Engines > Yahoo Search > r.search.yahoo.com/_ylt=A9mSs2X.VMhVRnAAntRLBQx.;_ylu=X3oDMTByMWk2OWNtBGNvbG8DaXIyBHBvcwMyBHZ0aWQDBHNlYwNzcg--/RV=2/RE=1439221119/RO=10/RU=http%3a%2f%2fopeneuroscience.com%2fhardware-projects%2fmicrocontrollers%2farduino%2f/RK=0/RS=WKTxaYXCHVBZiP72a8OZc8X1.dE-",1
"Search Engines > Yahoo Search > r.search.yahoo.com/_ylt=AwrTcc5RqmZVFA8AEWcnnIlQ;_ylu=X3oDMTByb2lvbXVuBGNvbG8DZ3ExBHBvcwMxBHZ0aWQDBHNlYwNzcg--/RV=2/RE=1432820433/RO=10/RU=http%3a%2f%2fopeneuroscience.com%2fhardware-projects%2fcomputers%2fraspberry-pi%2f/RK=0/RS=XKVNX9AqqEnpVoiUJgc63jPdBg8-",1
"Search Engines > duckduckgo.com",37
"Search Engines > duckduckgo.com > duckduckgo.com",18
"Search Engines > duckduckgo.com > r.duckduckgo.com",8
"Search Engines > duckduckgo.com > r.duckduckgo.com/l/?kh=-1&uddg=http%3A%2F%2Fopeneuroscience.com%2Fhardware-projects%2Fcomputers%2Fraspberry-pi%2F",4
"Search Engines > duckduckgo.com > r.duckduckgo.com/l/?kh=-1&uddg=http%3A%2F%2Fopeneuroscience.com%2Fhardware-projects%2Felectrophysiology-systems%2Feeg-systems%2Fopen-eeg%2F",3
"Search Engines > duckduckgo.com > r.duckduckgo.com/l/?kh=-1&uddg=http%3A%2F%2Fopeneuroscience.com%2Fhardware-projects%2Fhuman-brain-interactors%2Ftdcs-machine%2F",1
"Search Engines > duckduckgo.com > r.duckduckgo.com/l/?kh=-1&uddg=http%3A%2F%2Fopeneuroscience.com%2Fsoftware%2Fpython-numpy-scipy-matplotlib%2F",1
"Search Engines > duckduckgo.com > r.duckduckgo.com/l/?kh=-1&uddg=http%3A%2F%2Fopeneuroscience.com%2Fhardware-projects%2Fsupercomputers%2Fparallela%2F",1
"Search Engines > duckduckgo.com > r.duckduckgo.com/l/?kh=-1&uddg=http%3A%2F%2Fopeneuroscience.com%2Fhardware-projects%2Fhuman-brain-interactors%2Fopen-near-infrared-spectroscopy%2F",1
"Search Engines > AOL",11
"Search Engines > AOL > reader.aol.com",7
"Search Engines > AOL > search.aol.com",4
"Search Engines > Yandex",4
"Search Engines > Yandex > yandex.ru",3
"Search Engines > Yandex > yandex.ru",1
"Search Engines > Google Mobile",3
"Search Engines > Google Mobile > google.co.in/m",2
"Search Engines > Google Mobile > google.com/m",1
"Search Engines > Ask.com",3
"Search Engines > Ask.com > search.ask.com",1
"Search Engines > Ask.com > int.search.tb.ask.com/search/GGweb.jhtml?ts=1435195960584&p2=%5EHJ%5Exdm310%5ES08332%5Eph&n=780bd285&ss=sub&st=kwd&ptb=FAE240CB-D425-451D-9C5F-0BC50AD7CB56&si=pconvCh&tpr=sbt&searchfor=parts+of+the+nose&pn=3&ots=1435197268225",1
"Search Engines > Ask.com > int.search.tb.ask.com/search/GGmain.jhtml?searchfor=signal+generator+using+arduino&p2=%5EHJ%5Expt097%5EYYA%5Ein&n=781be049&ss=sub&st=bar&ptb=F30E946F-6E84-460C-838B-7ABAA780B79B&si=STF_728_WW_VDC_TOP_FF&tpr=sbt&ts=1444100636007",1
"Search Engines > talktalk.co.uk",2
"Search Engines > isearch.avg.com",1
"Search Engines > mysearch.com",1
"Search Engines > myway.com",1
"Search Engines > Baidu",1
"Search Engines > wow.com",1
"Facebook",147
"trendinafrica.org",103
"trendinafrica.org > trendinafrica.org/activities/open-source/open-source-main/",50
"trendinafrica.org > trendinafrica.org/activities/open-source/other/",36
"trendinafrica.org > trendinafrica.org/who-are-we/people-new/",13
"trendinafrica.org > trendinafrica.org/who-are-we/people/",3
"trendinafrica.org > trendinafrica.org/supporters/partners/",1
"Twitter",90
"Twitter > twitter.com",89
"Twitter > twitter.com/i/cards/tfw/v1/644125753290788864?advertiser_name=openeuroscience&cardname=promo_website&is_following_advertiser=false&forward=true&impression_id=7e8a485a84d407ec",1
"appropedia.org",50
"appropedia.org > appropedia.org/Open-source_Lab",46
"appropedia.org > appropedia.org/Open_source_3-D_printing_of_OSAT",4
"thingiverse.com",35
"thingiverse.com > thingiverse.com/thing:905172",33
"thingiverse.com > thingiverse.com/iamchagas/about",1
"thingiverse.com > thingiverse.com/thing:905172/",1
"en.wikipedia.org",29
"en.wikipedia.org > en.wikipedia.org/wiki/Open_Source_Lab_(book)",27
"en.wikipedia.org > en.wikipedia.org/wiki/Open_Source_Lab_%28book%29",2
"vk.com",23
"vk.com > vk.com/away.php",11
"vk.com > vk.com/bci.brain.computer.interface",6
"vk.com > vk.com/tcts_gradschool_2015",3
"vk.com > vk.com/feed",2
"vk.com > vk.com/im?sel=4713161",1
"tangentaudio.com/2013/03/project-aziz/",18
"ilbe.com",12
"ilbe.com > ilbe.com/7021777581",9
"ilbe.com > ilbe.com/5554484627",2
"ilbe.com > ilbe.com/index.php?document_srl=7021777581&mid=ilbe&cpage=4",1
"bahanonu.com",8
"bahanonu.com > bahanonu.com/syscarut/articles/145/",4
"bahanonu.com > bahanonu.com/brain/",4
"chan.usc.edu/npnl/resources",8
"Google+",8
"mikontwerpers.nl/onwar/?page_id=135",7
"en.m.wikipedia.org/wiki/Open_Source_Lab_(book)",7
"labrigger.com/blog/2014/02/07/more-resources/",5
"journals.plos.org/plosbiology/article?id=10.1371%2Fjournal.pbio.1002086",5
"googto.com/?q=object+tracking+open+source",5
"neurobb.com/t/repository-for-open-source-neuroscience-projects/189",5
"blogs.plos.org/collections/open-source-toolkit-hardware/",5
"translate.google.com.ua/translate_p?prev=search&sl=en&u=http%3A%2F%2Fopeneuroscience.com%2Fhardware-projects%2Fsignal-generators%2F&depth=1&usg=ALkJrhhy0S4qDhSHI4NSqEXyT5NrxnJNug",5
"nbviewer.ipython.org/github/mjirik/ZDO/blob/master/ZDOcv9.ipynb",5
"hxgoogle.com",4
"hxgoogle.com > hxgoogle.com/search.jsp?myq=software+for+neuroscience",2
"hxgoogle.com > hxgoogle.com/search.jsp?myq=fieldtrip+toolbox",1
"hxgoogle.com > hxgoogle.com/search.jsp?myq=software+for+neuroscientist&Submit=Google%E6%90%9C%E7%B4%A2",1
"de.gravatar.com/amchagas",4
"plosbiology.org/article/fetchObject.action?uri=info%3Adoi%2F10.1371%2Fjournal.pbio.1002086&representation=PDF",4
"translate.google.co.ve",4
"translate.google.co.ve > translate.google.co.ve/translate_p?prev=search&sl=en&u=http%3A%2F%2Fopeneuroscience.com%2Ftutorials%2F&depth=1&usg=ALkJrhjXzqsTgwoeY0aaHoS9u2MCjO-lVg",2
"translate.google.co.ve > translate.google.co.ve/translate_p?prev=search&sl=en&u=http%3A%2F%2Fopeneuroscience.com%2F&depth=1&usg=ALkJrhge2ktM3baFDK3TbfyunwvBStfxog",2
"collections.plos.org/open-source-toolkit-hardware",4
"gfsoso.com",4
"gfsoso.com > gfsoso.com/?q=near+infrared+Spectrometer+open+source",2
"gfsoso.com > gfsoso.com/?q=bath+freesurfer&pn=20",1
"gfsoso.com > gfsoso.com/?q=multiple+object+tracking++open+source",1
"github.com",4
"travisjacobs.me/2015/03/12/openworm-article.html",3
"travs.github.io/2015/03/12/openworm-article.html",3
"journal.frontiersin.org",3
"journal.frontiersin.org > journal.frontiersin.org/article/10.3389/fnhum.2014.00239/full",2
"journal.frontiersin.org > journal.frontiersin.org/Journal/10.3389/fnhum.2014.00239/full",1
"jwss.cc",3
"jwss.cc > jwss.cc/?q=psychophysics+python",1
"jwss.cc > jwss.cc/?q=neuroscience+open+resource",1
"jwss.cc > jwss.cc/?q=object+tracking++open+source",1
"waag.org/nl/event/annual-phd-meeting-neurosciences",2
"g.wen.lu",2
"open-labware.net/in-the-news/",2
"benkrasnow.blogspot.nl/2011/04/diy-scanning-electron-microscope-image.html",2
"startsiden.no/sok/?q=arduino+signal+generator",2
"translate.google.it/translate_p?prev=search&sl=en&u=http%3A%2F%2Fopeneuroscience.com%2F&depth=1&usg=ALkJrhhy7kMIpCWdPPedHlxJaiqEQ5Gbzg",2
"translate.google.gp/translate_p?prev=search&sl=en&u=http%3A%2F%2Fopeneuroscience.com%2Fsoftware%2Fcomputer-vision-and-motion-tracking-software%2F&depth=1&usg=ALkJrhglq814vq5uz-i1QKgVO6Mehm6shQ",2
"toolbar.inbox.com/search/resultsc.aspx?q=what+interesting+projects+are+out+there&tbid=80506&tp=sf",2
"gufensoso.com/search/?q=neurology+++octave+nipy",2
"portal.volkswagenstiftung.de/search/personDetails.do?addrNum=38122&fromProject=88570",1
"public.inpwrd.com/iframe.html?url=http%3A%2F%2Fopeneuroscience.wordpress.com%2F2014%2F01%2F22%2Fjanuary-brings-novelty%2F",1
"g.hxgoogle.com/search.jsp?myq=fieldtrip+eeg",1
"mail.ucuenca.edu.ec",1
"124.113.90.165/account/file/Image/ahdx_cas/tourl.html?url=http%3A%2F%2Fopeneuroscience.com%2Flearning-sources%2F",1
"serw.clicksor.com/redir.php?url=http%3A%2F%2Fopeneuroscience.com%2F",1
"benkrasnow.blogspot.com/2011/04/diy-scanning-electron-microscope-image.html",1
"translate.google.com.mx/translate_p?prev=search&sl=en&u=http%3A%2F%2Fopeneuroscience.com%2Fhardware-projects%2Foptogenetics%2F&depth=1&usg=ALkJrhiSBky5MYunvq4OW8sFUJBkKhINFg",1
"lnkd.in",1
"translate.google.com.br/translate_p?prev=search&sl=en&u=http%3A%2F%2Fopeneuroscience.com%2Fhardware-projects%2Fwetware%2F916-2%2Fopen-syringe-pump-2%2F&depth=1&usg=ALkJrhjG1qh7-Ys5mGor9S-4QB7OELe-4A",1
"gg.cytbj.com/url?sa=t&rct=j&q=multiple+object+tracking+open+source&cd=3&ved=0CC8QFjACahUKEwibudb1_dLIAhWHnZQKHWgXCek&url=http%3A%2F%2Fopeneuroscience.com%2Fsoftware%2Fcomputer-vision-and-motion-tracking-software%2F&usg=AFQjCNGtwuUag1-zdNZZhYRmFT-Tpl-bfw",1
"translate.google.com.co/translate_p?prev=search&sl=en&u=http%3A%2F%2Fopeneuroscience.com%2Fhardware-projects%2Fsignal-generators%2F&depth=1&usg=ALkJrhggIQFVkxdTzQNBKpjYyJHMOYf8YA",1
"unbubble.eu",1
"g.gogoproxy.com",1
"maxiang.info",1
"mitolab.tiddlyspace.com",1
"link.springer.com/article/10.1007/s11011-015-9687-8/fulltext.html",1
"web2.bobbasement.com/mailer/collectEmails",1
"eniro.se/query?partner=leta_web&ax=leta&what=web&search_word=simpelcortex",1
"127.0.0.1/groupTemplate/docs/resources-2/",1
"search.1-3.org",1
"flipboard.com/redirect?url=http%3A%2F%2Fopeneuroscience.com%2Fhardware-projects%2Felectrophysiology-systems%2Fopen-ephys-open-source-electrophysiology%2F",1
"zoznam.sk/hladaj.fcgi?co=odkazy&s=arduino+7493+generator",1
"webmail.sf-csiaf.unifi.it/horde/imp/message.php?index=45357",1
"delta-search.com",1
"indiebio.co.za/open-engineering",1
"startgoogle.startpagina.nl/?lr&as_qdr&ts=ts2&origin=homepage&query=move+mouse+video+tracking+open+source+",1
"translate.google.de/translate_p?prev=search&sl=en&u=http%3A%2F%2Fopeneuroscience.com%2Fhardware-projects%2Felectrophysiology-systems%2Feeg-systems%2Fopen-eeg%2F&depth=1&usg=ALkJrhhFGSa9OoqKSLyrXhaEjoTA96A-Kw",1
"feedly.com",1
"proxy.moovbox.icomera.com/ad-banner-rd?url=http%3A%2F%2Fopeneuroscience.com%2Fhardware-projects%2Fmicrocontrollers%2Fred-pitaya%2F",1
"mail.ifisica.uaslp.mx/cgi-bin/openwebmail/openwebmail-read.pl?sessionid=r.rosas%2Amail.ifisica.uaslp.mx-session-0.158978259747045&folder=INBOX&page=1&longpage=0&sort=date_rev&msgdatetype=sentdate&keyword&searchtype=subject&message_id=%3CCADqqkyj9w9_TUxbDizMBrqGaY5oJqOSZgUdVW7U%3DT7Pv3AA-jQ%40mail.gmail.com%3E&action=readmessage&headers=simple&attmode=simple&db_chkstatus=1",1
"note.naver.com",1
"alert.webprotection.sprint.com/alert/process?a=-3-bGem4lLKKTttPxb0Jl9ep36hHF6eNWCQdL1Q7qgGtyOBRD2GrfT9vecTYt0diSxMM99b08PsnLfCQGDt0a5_uA&b=e7IN-gHoKTH6OYEdJibql4Mracr0CxI12KxRZCWL2aQ8HwEuQBYhCVDxK1ndg_TesRRNhDJzFvJvX_I5TS9rYem4NBe7OCponPidru3aWPWFgTK1gQ_ZDjsX718NSyWE8RZ3DZUt2vbQGaub2d1oO6u_NcjKb5Wsb3CuzoKkur7WbSrc2DisnVGK7BRUqIrDYIXnuaoVwsFaEV7RenP3Zmofu0TLNU2gALUad0yqE-PdEJrEjYfKNaHSyzLVW0c6toaSXOEYcfUGQjFW7OydWb_LPTKh8lmBoYv0OvfQYXw8yEMObdEUzVW37OPRm9ML7_HubzHPU5qDuCYZq8VXci3RYZtlAf4IooQ5BjcFkEXbJBFSZNxk9gZwWAWeOGjVdkB3aXoO6LIlJBfifgaHSv1iSGHxtvInZXLcSbUKuLKis5lgkc0ky_Ob_TAJrQDy&blockedUrl=http%3A%2F%2Fopeneuroscience.com%2F",1
"res.imtt.qq.com/ipadvedio/js/dynamich5.htm",1
"translate.google.co.kr/translate_p?prev=search&sl=en&u=http%3A%2F%2Fopeneuroscience.com%2Ftag%2Fdiy%2F&depth=1&usg=ALkJrhhJTosQyiRPEYUWWOIOgaFNSfX_aw",1
"search.lookseek.com/search2.php?q=Near+Infrared+LED+project&start=21",1