Country,Visitors
United States,923 (33%)
United Kingdom,245 (9%)
Germany,237 (9%)
India,133 (5%)
Canada,99 (4%)
Japan,84 (3%)
France,79 (3%)
Spain,55 (2%)
Russian Federation,54 (2%)
Netherlands,53 (2%)
Hong Kong,51 (2%)
Italy,42 (2%)
Switzerland,41 (1%)
Turkey,39 (1%)
Argentina,38 (1%)
Brazil,38 (1%)
China,33 (1%)
Chile,31 (1%)
Portugal,28 (1%)
Mexico,25 (1%)
Israel,25 (1%)
Australia,24 (1%)
Korea,21 (1%)
Taiwan,21 (1%)
Colombia,20 (1%)
Sweden,19 (1%)
Belgium,17 (1%)
Peru,15 (1%)
Finland,15 (1%)
Norway,14 (1%)
Singapore,13 (0%)
Austria,13 (0%)
Uruguay,13 (0%)
Indonesia,13 (0%)
Poland,12 (0%)
Thailand,11 (0%)
Ukraine,9 (0%)
Pakistan,8 (0%)
Denmark,8 (0%)
Malaysia,7 (0%)
South Africa,7 (0%)
Nigeria,7 (0%)
Viet Nam,7 (0%)
Ireland,7 (0%)
Saudi Arabia,7 (0%)
Serbia,6 (0%)
Hungary,6 (0%)
Panama,6 (0%)
Slovakia,5 (0%)
Czech Republic,4 (0%)
Morocco,4 (0%)
Greece,4 (0%)
Croatia,4 (0%)
Puerto Rico,4 (0%)
Egypt,4 (0%)
Slovenia,3 (0%)
Romania,3 (0%)
New Zealand,3 (0%)
Ghana,3 (0%)
Sri Lanka,3 (0%)
Iraq,3 (0%)
Bangladesh,2 (0%)
Luxembourg,2 (0%)
Guatemala,2 (0%)
Tunisia,2 (0%)
Georgia,2 (0%)
Philippines,2 (0%)
El Salvador,1 (0%)
Cyprus,1 (0%)
Macao,1 (0%)
Bolivia,1 (0%)
Belarus,1 (0%)
Kenya,1 (0%)
"Iran, Islamic Republic Of",1 (0%)
Ecuador,1 (0%)
Lithuania,1 (0%)
United Arab Emirates,1 (0%)
Bulgaria,1 (0%)
Uzbekistan,1 (0%)
Azerbaijan,1 (0%)
Oman,1 (0%)
Venezuela,1 (0%)
Lebanon,1 (0%)
Moldova,1 (0%)
Yemen,1 (0%)
Namibia,1 (0%)
